"No pedido",Tipo,Clave,"No Alta",Proveedor,Inicio,Cantidad,ETA,Alta,Monto,Pagado
D3P0214,350,1310,104074,"COCINA Y ASEO INSTITUCIONAL, S.A. DE C.V.         ",2023-05-22,36,31/5/2023,31/05/2023,89,89
D3P0214,350,1344,104074,"COCINA Y ASEO INSTITUCIONAL, S.A. DE C.V.         ",2023-05-22,900,31/5/2023,31/05/2023,2,2
D3P0214,350,1351,104074,"COCINA Y ASEO INSTITUCIONAL, S.A. DE C.V.         ",2023-05-22,1,31/5/2023,31/05/2023,2,2
D3P0214,350,1369,"104070,104042","COCINA Y ASEO INSTITUCIONAL, S.A. DE C.V.         ",2023-05-22,72,31/5/2023,31/05/2023,72,72
D3P0214,350,0019,103976,"COCINA Y ASEO INSTITUCIONAL, S.A. DE C.V.         ",2023-05-22,72,31/5/2023,29/05/2023,2,2
D3P0214,350,0050,103976,"COCINA Y ASEO INSTITUCIONAL, S.A. DE C.V.         ",2023-05-22,110,31/5/2023,29/05/2023,2,2
D3P0214,350,0494,103976,"COCINA Y ASEO INSTITUCIONAL, S.A. DE C.V.         ",2023-05-22,33,31/5/2023,29/05/2023,24,24
D3P0214,350,0502,103976,"COCINA Y ASEO INSTITUCIONAL, S.A. DE C.V.         ",2023-05-22,24,31/5/2023,29/05/2023,18,18
D3P0214,350,0014,104074,"COCINA Y ASEO INSTITUCIONAL, S.A. DE C.V.         ",2023-05-22,65,31/5/2023,31/05/2023,83,83
D3P0214,350,0022,104074,"COCINA Y ASEO INSTITUCIONAL, S.A. DE C.V.         ",2023-05-22,27,31/5/2023,31/05/2023,34,34
D3P0214,350,0030,104074,"COCINA Y ASEO INSTITUCIONAL, S.A. DE C.V.         ",2023-05-22,36,31/5/2023,31/05/2023,97,97
D3P0214,350,0048,104074,"COCINA Y ASEO INSTITUCIONAL, S.A. DE C.V.         ",2023-05-22,45,31/5/2023,31/05/2023,122,122
D3P0214,350,0016,"103976,104075","COCINA Y ASEO INSTITUCIONAL, S.A. DE C.V.         ",2023-05-22,96,31/5/2023,29/05/2023,45,45
D3P0214,350,0511,104074,"COCINA Y ASEO INSTITUCIONAL, S.A. DE C.V.         ",2023-05-22,96,31/5/2023,31/05/2023,98,98
D3P0214,350,0693,103976,"COCINA Y ASEO INSTITUCIONAL, S.A. DE C.V.         ",2023-05-22,48,31/5/2023,29/05/2023,6,6
D3P0214,350,0039,104041,"COCINA Y ASEO INSTITUCIONAL, S.A. DE C.V.         ",2023-05-22,51,31/5/2023,31/05/2023,95,95
D3P0214,350,0047,104038,"COCINA Y ASEO INSTITUCIONAL, S.A. DE C.V.         ",2023-05-22,24,31/5/2023,30/05/2023,535,535
D3P0214,350,0480,103976,"COCINA Y ASEO INSTITUCIONAL, S.A. DE C.V.         ",2023-05-22,96,31/5/2023,29/05/2023,264,264
D3P0214,350,0506,103976,"COCINA Y ASEO INSTITUCIONAL, S.A. DE C.V.         ",2023-05-22,132,31/5/2023,29/05/2023,12,12
D3P0214,350,0012,104070,"COCINA Y ASEO INSTITUCIONAL, S.A. DE C.V.         ",2023-05-22,126,31/5/2023,31/05/2023,394,394
D3P0214,350,0020,104070,"COCINA Y ASEO INSTITUCIONAL, S.A. DE C.V.         ",2023-05-22,91,31/5/2023,31/05/2023,226,226
D3P0214,350,0053,104070,"COCINA Y ASEO INSTITUCIONAL, S.A. DE C.V.         ",2023-05-22,67,31/5/2023,31/05/2023,58,58
D3P0214,350,0236,"104040,104038","COCINA Y ASEO INSTITUCIONAL, S.A. DE C.V.         ",2023-05-22,129,31/5/2023,30/05/2023,100,100
D3P0214,350,0384,104074,"COCINA Y ASEO INSTITUCIONAL, S.A. DE C.V.         ",2023-05-22,576,31/5/2023,31/05/2023,81,81
D3P0214,350,0418,103976,"COCINA Y ASEO INSTITUCIONAL, S.A. DE C.V.         ",2023-05-22,576,31/5/2023,29/05/2023,9,9
D3P0214,350,0013,104055,"COCINA Y ASEO INSTITUCIONAL, S.A. DE C.V.         ",2023-05-22,198,31/5/2023,31/05/2023,30,30
D3P0214,350,0153,104074,"COCINA Y ASEO INSTITUCIONAL, S.A. DE C.V.         ",2023-05-22,3,31/5/2023,31/05/2023,422,422
D3P0214,350,0369,104074,"COCINA Y ASEO INSTITUCIONAL, S.A. DE C.V.         ",2023-05-22,2,31/5/2023,31/05/2023,313,313
D3P0214,350,0024,104074,"COCINA Y ASEO INSTITUCIONAL, S.A. DE C.V.         ",2023-05-22,63,31/5/2023,31/05/2023,52,52
D3P0214,350,0032,104074,"COCINA Y ASEO INSTITUCIONAL, S.A. DE C.V.         ",2023-05-22,63,31/5/2023,31/05/2023,104,104
D3P0214,350,0040,104074,"COCINA Y ASEO INSTITUCIONAL, S.A. DE C.V.         ",2023-05-22,99,31/5/2023,31/05/2023,29,29
D3P0214,350,0065,104074,"COCINA Y ASEO INSTITUCIONAL, S.A. DE C.V.         ",2023-05-22,3,31/5/2023,31/05/2023,1,1
D3P0214,350,0115,104070,"COCINA Y ASEO INSTITUCIONAL, S.A. DE C.V.         ",2023-05-22,3,31/5/2023,31/05/2023,2,2
D3P0214,350,0016,104042,"COCINA Y ASEO INSTITUCIONAL, S.A. DE C.V.         ",2023-05-22,21,31/5/2023,31/05/2023,20,20
D3P0214,350,0057,104042,"COCINA Y ASEO INSTITUCIONAL, S.A. DE C.V.         ",2023-05-22,99,31/5/2023,31/05/2023,247,247
D3P0214,350,0305,104038,"COCINA Y ASEO INSTITUCIONAL, S.A. DE C.V.         ",2023-05-22,96,31/5/2023,30/05/2023,79,79
D3P0214,350,0750,104042,"COCINA Y ASEO INSTITUCIONAL, S.A. DE C.V.         ",2023-05-22,95,31/5/2023,31/05/2023,344,344
D3P0214,350,0859,104070,"COCINA Y ASEO INSTITUCIONAL, S.A. DE C.V.         ",2023-05-22,189,31/5/2023,31/05/2023,657,657
D3P0214,350,0867,"104040,104038","COCINA Y ASEO INSTITUCIONAL, S.A. DE C.V.         ",2023-05-22,786,31/5/2023,30/05/2023,2,2
D3P0214,350,0925,104070,"COCINA Y ASEO INSTITUCIONAL, S.A. DE C.V.         ",2023-05-22,27,31/5/2023,31/05/2023,39,39
D3P0214,350,0260,103976,"COCINA Y ASEO INSTITUCIONAL, S.A. DE C.V.         ",2023-05-22,224,31/5/2023,29/05/2023,15,15
D3P0214,350,0057,104070,"COCINA Y ASEO INSTITUCIONAL, S.A. DE C.V.         ",2023-05-22,100,31/5/2023,31/05/2023,7,7
D3P0214,350,0272,103976,"COCINA Y ASEO INSTITUCIONAL, S.A. DE C.V.         ",2023-05-22,204,31/5/2023,29/05/2023,3,3
D3P0214,350,0280,103976,"COCINA Y ASEO INSTITUCIONAL, S.A. DE C.V.         ",2023-05-22,135,31/5/2023,29/05/2023,4,4
D3P0214,350,0051,104038,"COCINA Y ASEO INSTITUCIONAL, S.A. DE C.V.         ",2023-05-22,53,31/5/2023,30/05/2023,46,46
D3P0214,350,0070,103976,"COCINA Y ASEO INSTITUCIONAL, S.A. DE C.V.         ",2023-05-22,676,31/5/2023,29/05/2023,24,24
D3P0214,350,0088,103976,"COCINA Y ASEO INSTITUCIONAL, S.A. DE C.V.         ",2023-05-22,192,31/5/2023,29/05/2023,7,7
D3P0214,350,0195,103976,"COCINA Y ASEO INSTITUCIONAL, S.A. DE C.V.         ",2023-05-22,318,31/5/2023,29/05/2023,64,64
D3P0214,350,1262,104038,"COCINA Y ASEO INSTITUCIONAL, S.A. DE C.V.         ",2023-05-22,27,31/5/2023,30/05/2023,68,68
D3P0214,350,0086,104070,"COCINA Y ASEO INSTITUCIONAL, S.A. DE C.V.         ",2023-05-22,183,31/5/2023,31/05/2023,212,212
D3P0214,350,0177,104038,"COCINA Y ASEO INSTITUCIONAL, S.A. DE C.V.         ",2023-05-22,63,31/5/2023,30/05/2023,25,25
D3P0214,350,0508,104041,"COCINA Y ASEO INSTITUCIONAL, S.A. DE C.V.         ",2023-05-22,900,31/5/2023,31/05/2023,23,23
D3P0214,350,0698,104070,"COCINA Y ASEO INSTITUCIONAL, S.A. DE C.V.         ",2023-05-22,222,31/5/2023,31/05/2023,38,38
D3P0214,350,0706,104070,"COCINA Y ASEO INSTITUCIONAL, S.A. DE C.V.         ",2023-05-22,45,31/5/2023,31/05/2023,52,52
D3P0214,350,0056,104038,"COCINA Y ASEO INSTITUCIONAL, S.A. DE C.V.         ",2023-05-22,21,31/5/2023,30/05/2023,18,18
D3P0214,350,0213,104070,"COCINA Y ASEO INSTITUCIONAL, S.A. DE C.V.         ",2023-05-22,2,31/5/2023,31/05/2023,1,1
D3P0214,350,0858,104070,"COCINA Y ASEO INSTITUCIONAL, S.A. DE C.V.         ",2023-05-22,19,31/5/2023,31/05/2023,11,11
D3P0214,350,0866,104070,"COCINA Y ASEO INSTITUCIONAL, S.A. DE C.V.         ",2023-05-22,18,31/5/2023,31/05/2023,6,6
D3P0214,350,0052,104038,"COCINA Y ASEO INSTITUCIONAL, S.A. DE C.V.         ",2023-05-22,27,31/5/2023,30/05/2023,71,71
D3P0214,350,0055,104038,"COCINA Y ASEO INSTITUCIONAL, S.A. DE C.V.         ",2023-05-22,145,31/5/2023,30/05/2023,4,4
D3P0214,350,0065,104038,"COCINA Y ASEO INSTITUCIONAL, S.A. DE C.V.         ",2023-05-22,147,31/5/2023,30/05/2023,97,97
D3P0214,350,0222,104070,"COCINA Y ASEO INSTITUCIONAL, S.A. DE C.V.         ",2023-05-22,828,31/5/2023,31/05/2023,735,735
D3P0214,350,0230,104070,"COCINA Y ASEO INSTITUCIONAL, S.A. DE C.V.         ",2023-05-22,1,31/5/2023,31/05/2023,1,1
D3P0214,350,0135,103976,"COCINA Y ASEO INSTITUCIONAL, S.A. DE C.V.         ",2023-05-22,27,31/5/2023,29/05/2023,12,12
D3P0214,350,0016,104070,"COCINA Y ASEO INSTITUCIONAL, S.A. DE C.V.         ",2023-05-22,47,31/5/2023,31/05/2023,39,39
D3P0214,350,0266,103976,"COCINA Y ASEO INSTITUCIONAL, S.A. DE C.V.         ",2023-05-22,18,31/5/2023,29/05/2023,22,22
D3P0214,350,0063,103976,"COCINA Y ASEO INSTITUCIONAL, S.A. DE C.V.         ",2023-05-22,166,31/5/2023,29/05/2023,9,9
D3P0214,350,0097,103976,"COCINA Y ASEO INSTITUCIONAL, S.A. DE C.V.         ",2023-05-22,188,31/5/2023,29/05/2023,12,12
D3P0214,350,0113,103976,"COCINA Y ASEO INSTITUCIONAL, S.A. DE C.V.         ",2023-05-22,27,31/5/2023,29/05/2023,1,1
D3P0214,350,0069,104070,"COCINA Y ASEO INSTITUCIONAL, S.A. DE C.V.         ",2023-05-22,161,31/5/2023,31/05/2023,11,11
D3P0214,350,0085,104070,"COCINA Y ASEO INSTITUCIONAL, S.A. DE C.V.         ",2023-05-22,57,31/5/2023,31/05/2023,191,191
D3P0214,350,0135,"103976,104075","COCINA Y ASEO INSTITUCIONAL, S.A. DE C.V.         ",2023-05-22,108,31/5/2023,29/05/2023,12,12
D3P0214,350,0013,104041,"COCINA Y ASEO INSTITUCIONAL, S.A. DE C.V.         ",2023-05-22,27,31/5/2023,31/05/2023,81,81
D3P0214,350,0021,104041,"COCINA Y ASEO INSTITUCIONAL, S.A. DE C.V.         ",2023-05-22,99,31/5/2023,31/05/2023,54,54
D3P0214,350,0151,104070,"COCINA Y ASEO INSTITUCIONAL, S.A. DE C.V.         ",2023-05-22,1,31/5/2023,31/05/2023,1,1
D3P0214,350,0201,104038,"COCINA Y ASEO INSTITUCIONAL, S.A. DE C.V.         ",2023-05-22,360,31/5/2023,30/05/2023,149,149
D3P0214,350,0219,104070,"COCINA Y ASEO INSTITUCIONAL, S.A. DE C.V.         ",2023-05-22,150,31/5/2023,31/05/2023,72,72
D3P0214,350,0227,104038,"COCINA Y ASEO INSTITUCIONAL, S.A. DE C.V.         ",2023-05-22,90,31/5/2023,30/05/2023,29,29
D3P0214,350,0108,104070,"COCINA Y ASEO INSTITUCIONAL, S.A. DE C.V.         ",2023-05-22,137,31/5/2023,31/05/2023,43,43
D3P0214,350,0116,104070,"COCINA Y ASEO INSTITUCIONAL, S.A. DE C.V.         ",2023-05-22,106,31/5/2023,31/05/2023,29,29
D3P0214,350,0249,104070,"COCINA Y ASEO INSTITUCIONAL, S.A. DE C.V.         ",2023-05-22,243,31/5/2023,31/05/2023,26,26
D3P0214,350,0256,104070,"COCINA Y ASEO INSTITUCIONAL, S.A. DE C.V.         ",2023-05-22,207,31/5/2023,31/05/2023,33,33
D3P0214,350,0053,103976,"COCINA Y ASEO INSTITUCIONAL, S.A. DE C.V.         ",2023-05-22,40,31/5/2023,29/05/2023,135,135
D3P0214,350,0194,104070,"COCINA Y ASEO INSTITUCIONAL, S.A. DE C.V.         ",2023-05-22,909,31/5/2023,31/05/2023,35,35
D3P0228,130,0016,,"MUÑOZ TEJEDA ANEL BERENICE                        ",2023-05-30,355,8/6/2023,,35,0
D3P0228,130,0922,,"MUÑOZ TEJEDA ANEL BERENICE                        ",2023-05-30,150,8/6/2023,,26,0
D3P0228,130,0930,,"MUÑOZ TEJEDA ANEL BERENICE                        ",2023-05-30,250,8/6/2023,,43,0
D3P0228,130,0948,,"MUÑOZ TEJEDA ANEL BERENICE                        ",2023-05-30,250,8/6/2023,,43,0
D3P0118,120,0040,102438,"ANA ESTEFANIA  PONCE DE LEON MENDOZA              ",2023-03-24,60,31/3/2023,13/04/2023,50,50
D3P0118,120,0505,102438,"ANA ESTEFANIA  PONCE DE LEON MENDOZA              ",2023-03-24,46,31/3/2023,13/04/2023,8,8
D3P0118,120,0022,102438,"ANA ESTEFANIA  PONCE DE LEON MENDOZA              ",2023-03-24,40,31/3/2023,13/04/2023,11,11
D3P0118,120,0111,102438,"ANA ESTEFANIA  PONCE DE LEON MENDOZA              ",2023-03-24,21,31/3/2023,13/04/2023,14,14
D3P0118,120,0807,102438,"ANA ESTEFANIA  PONCE DE LEON MENDOZA              ",2023-03-24,10,31/3/2023,13/04/2023,214,214
D3P0048,080,1274,101103,"CONSORCIO HOSPITALARIO, S.A. DE C.V.              ",2023-02-13,3,23/2/2023,23/02/2023,3,3
D3P0048,080,0967,101103,"CONSORCIO HOSPITALARIO, S.A. DE C.V.              ",2023-02-13,5,23/2/2023,23/02/2023,7,7
D3P0048,080,0145,101103,"CONSORCIO HOSPITALARIO, S.A. DE C.V.              ",2023-02-13,718,23/2/2023,23/02/2023,29,29
D3P0048,080,0152,101103,"CONSORCIO HOSPITALARIO, S.A. DE C.V.              ",2023-02-13,678,23/2/2023,23/02/2023,27,27
D3P0048,080,4487,101103,"CONSORCIO HOSPITALARIO, S.A. DE C.V.              ",2023-02-13,5,23/2/2023,23/02/2023,2,2
D3P0048,080,0202,101103,"CONSORCIO HOSPITALARIO, S.A. DE C.V.              ",2023-02-13,25,23/2/2023,23/02/2023,10,10
D3P0048,080,0144,101104,"CONSORCIO HOSPITALARIO, S.A. DE C.V.              ",2023-02-13,18,23/2/2023,23/02/2023,8,8
D3P0048,080,0607,101103,"CONSORCIO HOSPITALARIO, S.A. DE C.V.              ",2023-02-13,15,23/2/2023,23/02/2023,4,4
D3P0048,080,0615,101103,"CONSORCIO HOSPITALARIO, S.A. DE C.V.              ",2023-02-13,15,23/2/2023,23/02/2023,3,3
D3P0048,080,5573,101103,"CONSORCIO HOSPITALARIO, S.A. DE C.V.              ",2023-02-13,10,23/2/2023,23/02/2023,30,30
D3P0048,080,5599,101103,"CONSORCIO HOSPITALARIO, S.A. DE C.V.              ",2023-02-13,15,23/2/2023,23/02/2023,37,37
D3P0048,080,6498,101104,"CONSORCIO HOSPITALARIO, S.A. DE C.V.              ",2023-02-13,590,23/2/2023,23/02/2023,219,219
D3P0048,080,6506,101104,"CONSORCIO HOSPITALARIO, S.A. DE C.V.              ",2023-02-13,180,23/2/2023,23/02/2023,68,68
D3P0048,080,6514,101104,"CONSORCIO HOSPITALARIO, S.A. DE C.V.              ",2023-02-13,15,23/2/2023,23/02/2023,7,7
D3P0048,080,6555,101104,"CONSORCIO HOSPITALARIO, S.A. DE C.V.              ",2023-02-13,188,23/2/2023,23/02/2023,91,91
D3P0051,080,3234,101050,"INSUMOS Y SOLUCIONES MEDICAS, SA DE CV            ",2023-02-13,8,23/2/2023,22/02/2023,1,1
D3P0089,080,0051,101599,"SAY QUIMICA MEDICA SA DE CV                       ",2023-03-03,2,13/3/2023,13/03/2023,235,235
D3P0110,080,0523,102039,"PROMEDICA GARCIA, S. A. DE C. V.                  ",2023-03-15,63,24/3/2023,24/03/2023,12,12
D3P0130,080,0099,102862,"CONSORCIO HOSPITALARIO, S.A. DE C.V.              ",2023-04-18,30,28/4/2023,26/04/2023,12,12
D3P0135,080,0525,102967,"INSUMOS Y SOLUCIONES MEDICAS, SA DE CV            ",2023-04-18,9,28/4/2023,28/04/2023,30,30
D3P0135,080,0541,102967,"INSUMOS Y SOLUCIONES MEDICAS, SA DE CV            ",2023-04-18,6,28/4/2023,28/04/2023,22,22
D3P0136,080,0210,102863,"CONSORCIO HOSPITALARIO, S.A. DE C.V.              ",2023-04-18,5,28/4/2023,26/04/2023,2,2
D3P0136,080,0102,102863,"CONSORCIO HOSPITALARIO, S.A. DE C.V.              ",2023-04-18,20,28/4/2023,26/04/2023,5,5
D3P0136,080,6522,102864,"CONSORCIO HOSPITALARIO, S.A. DE C.V.              ",2023-04-18,15,28/4/2023,26/04/2023,7,7
D3P0210,080,1274,103905,"CONSORCIO HOSPITALARIO, S.A. DE C.V.              ",2023-05-22,3,1/6/2023,26/05/2023,3,3
D3P0210,080,0236,103904,"CONSORCIO HOSPITALARIO, S.A. DE C.V.              ",2023-05-22,3,1/6/2023,26/05/2023,2,2
D3P0210,080,0368,103905,"CONSORCIO HOSPITALARIO, S.A. DE C.V.              ",2023-05-22,5,1/6/2023,26/05/2023,2,2
D3P0210,080,0152,103905,"CONSORCIO HOSPITALARIO, S.A. DE C.V.              ",2023-05-22,678,1/6/2023,26/05/2023,26,26
D3P0210,080,0110,103905,"CONSORCIO HOSPITALARIO, S.A. DE C.V.              ",2023-05-22,5,1/6/2023,26/05/2023,2,2
D3P0210,080,0607,103905,"CONSORCIO HOSPITALARIO, S.A. DE C.V.              ",2023-05-22,20,1/6/2023,26/05/2023,4,4
D3P0210,080,0615,103905,"CONSORCIO HOSPITALARIO, S.A. DE C.V.              ",2023-05-22,20,1/6/2023,26/05/2023,4,4
D3P0210,080,0115,103905,"CONSORCIO HOSPITALARIO, S.A. DE C.V.              ",2023-05-22,168,1/6/2023,26/05/2023,62,62
D3P0210,080,6498,103904,"CONSORCIO HOSPITALARIO, S.A. DE C.V.              ",2023-05-22,590,1/6/2023,26/05/2023,239,239
D3P0213,080,0145,104117,"INSUMOS Y SOLUCIONES MEDICAS, SA DE CV            ",2023-05-22,718,1/6/2023,01/06/2023,28,28
D3P0213,080,5270,104117,"INSUMOS Y SOLUCIONES MEDICAS, SA DE CV            ",2023-05-22,48,1/6/2023,01/06/2023,10,10
D3P0213,080,0164,104118,"INSUMOS Y SOLUCIONES MEDICAS, SA DE CV            ",2023-05-22,5,1/6/2023,01/06/2023,25,25
D3P0217,080,0032,104114,"ENSAYOS Y TAMIZAJES DE MÉXICO, S.A. DE C.V.       ",2023-05-25,72,4/6/2023,01/06/2023,70,70
D3P0217,080,0533,,"ENSAYOS Y TAMIZAJES DE MÉXICO, S.A. DE C.V.       ",2023-05-25,23,4/6/2023,,241,0
D3P0217,080,7819,104134,"ENSAYOS Y TAMIZAJES DE MÉXICO, S.A. DE C.V.       ",2023-05-25,19,4/6/2023,02/06/2023,332,332
D3P0217,080,7827,104115,"ENSAYOS Y TAMIZAJES DE MÉXICO, S.A. DE C.V.       ",2023-05-25,23,4/6/2023,01/06/2023,241,241
D3P0217,080,7835,104115,"ENSAYOS Y TAMIZAJES DE MÉXICO, S.A. DE C.V.       ",2023-05-25,19,4/6/2023,01/06/2023,199,199
D3P0217,080,7843,104115,"ENSAYOS Y TAMIZAJES DE MÉXICO, S.A. DE C.V.       ",2023-05-25,19,4/6/2023,01/06/2023,199,199
D3P0217,080,7850,104115,"ENSAYOS Y TAMIZAJES DE MÉXICO, S.A. DE C.V.       ",2023-05-25,19,4/6/2023,01/06/2023,199,199
D3P0217,080,7868,104115,"ENSAYOS Y TAMIZAJES DE MÉXICO, S.A. DE C.V.       ",2023-05-25,19,4/6/2023,01/06/2023,199,199
D3P0218,080,1857,104133,"ENSAYOS Y TAMIZAJES DE MÉXICO, S.A. DE C.V.       ",2023-05-25,72,4/6/2023,02/06/2023,75,75
D3P0232,080,0244,,"SECURE INC, S.A. DE C.V.                          ",2023-06-02,3,12/6/2023,,6,0
D3P0232,080,4014,,"SECURE INC, S.A. DE C.V.                          ",2023-06-02,3,12/6/2023,,2,0
D3P0232,080,0144,,"SECURE INC, S.A. DE C.V.                          ",2023-06-02,16,12/6/2023,,7,0
D3P0212,070,0040,104119,"INSUMOS Y SOLUCIONES MEDICAS, SA DE CV            ",2023-05-22,120,1/6/2023,01/06/2023,67,67
D3P0013,060,1895,100670,"ANPE GRUMED, S. DE R.L. DE C.V.                   ",2023-02-01,135,11/2/2023,03/02/2023,454,454
D3P0013,060,0849,100670,"ANPE GRUMED, S. DE R.L. DE C.V.                   ",2023-02-01,225,11/2/2023,03/02/2023,1,1
D3P0014,060,1326,100742,"DISTRIBUIDORA MEDICA HIDROCALIDA DIMEHI, S.A. DE C",2023-02-01,78,11/2/2023,09/02/2023,1,1
D3P0014,060,1342,100742,"DISTRIBUIDORA MEDICA HIDROCALIDA DIMEHI, S.A. DE C",2023-02-01,78,11/2/2023,09/02/2023,1,1
D3P0015,060,0054,100957,"ORVI DISTRIBUCIONES, S.A. DE C.V.                 ",2023-02-01,17,11/2/2023,20/02/2023,63,63
D3P0015,060,0152,100957,"ORVI DISTRIBUCIONES, S.A. DE C.V.                 ",2023-02-01,1,11/2/2023,20/02/2023,506,506
D3P0037,060,0104,100915,"GREEN@W, S.A. DE C.V.                             ",2023-02-08,20,18/2/2023,16/02/2023,2,2
D3P0044,060,0015,100917,"ALUR TEK, S. DE R.L. DE C.V.                      ",2023-02-13,260,23/2/2023,16/02/2023,70,70
D3P0045,060,0865,101046,"ANPE GRUMED, S. DE R.L. DE C.V.                   ",2023-02-13,323,23/2/2023,21/02/2023,69,69
D3P0045,060,0873,101046,"ANPE GRUMED, S. DE R.L. DE C.V.                   ",2023-02-13,215,23/2/2023,21/02/2023,44,44
D3P0045,060,0062,"102437,101089","ANPE GRUMED, S. DE R.L. DE C.V.                   ",2023-02-13,838,23/2/2023,13/04/2023,106,106
D3P0045,060,0686,101484,"ANPE GRUMED, S. DE R.L. DE C.V.                   ",2023-02-13,48,23/2/2023,07/03/2023,7,7
D3P0045,060,0164,101046,"ANPE GRUMED, S. DE R.L. DE C.V.                   ",2023-02-13,14,23/2/2023,21/02/2023,6,6
D3P0045,060,1311,101045,"ANPE GRUMED, S. DE R.L. DE C.V.                   ",2023-02-13,23,23/2/2023,21/02/2023,50,50
D3P0045,060,0288,101089,"ANPE GRUMED, S. DE R.L. DE C.V.                   ",2023-02-13,190,23/2/2023,23/02/2023,187,187
D3P0045,060,0460,"101089,101045","ANPE GRUMED, S. DE R.L. DE C.V.                   ",2023-02-13,277,23/2/2023,23/02/2023,57,57
D3P0046,060,0458,101087,"COMERCIALIZADORA DARCAN, SA DE CV                 ",2023-02-13,58,23/2/2023,23/02/2023,1,1
D3P0046,060,0680,101087,"COMERCIALIZADORA DARCAN, SA DE CV                 ",2023-02-13,300,23/2/2023,23/02/2023,6,6
D3P0046,060,8220,101087,"COMERCIALIZADORA DARCAN, SA DE CV                 ",2023-02-13,83,23/2/2023,23/02/2023,3,3
D3P0046,060,2214,101087,"COMERCIALIZADORA DARCAN, SA DE CV                 ",2023-02-13,105,23/2/2023,23/02/2023,3,3
D3P0047,060,1052,101096,"CONSORCIO HOSPITALARIO, S.A. DE C.V.              ",2023-02-13,5,23/2/2023,23/02/2023,151,151
D3P0047,060,1102,101096,"CONSORCIO HOSPITALARIO, S.A. DE C.V.              ",2023-02-13,9,23/2/2023,23/02/2023,257,257
D3P0047,060,1268,101096,"CONSORCIO HOSPITALARIO, S.A. DE C.V.              ",2023-02-13,68,23/2/2023,23/02/2023,16,16
D3P0047,060,0585,101096,"CONSORCIO HOSPITALARIO, S.A. DE C.V.              ",2023-02-13,159,23/2/2023,23/02/2023,110,110
D3P0047,060,0627,101096,"CONSORCIO HOSPITALARIO, S.A. DE C.V.              ",2023-02-13,188,23/2/2023,23/02/2023,59,59
D3P0047,060,0742,101096,"CONSORCIO HOSPITALARIO, S.A. DE C.V.              ",2023-02-13,144,23/2/2023,23/02/2023,52,52
D3P0049,060,2679,101019,"GOMEN HEALTH CARE, S.A. DE C.V.                   ",2023-02-13,333,23/2/2023,20/02/2023,376,376
D3P0049,060,2695,101019,"GOMEN HEALTH CARE, S.A. DE C.V.                   ",2023-02-13,188,23/2/2023,20/02/2023,606,606
D3P0049,060,2711,101019,"GOMEN HEALTH CARE, S.A. DE C.V.                   ",2023-02-13,158,23/2/2023,20/02/2023,245,245
D3P0049,060,2828,100943,"GOMEN HEALTH CARE, S.A. DE C.V.                   ",2023-02-13,41,23/2/2023,17/02/2023,31,31
D3P0049,060,0757,100943,"GOMEN HEALTH CARE, S.A. DE C.V.                   ",2023-02-13,25,23/2/2023,17/02/2023,147,147
D3P0049,060,6645,101019,"GOMEN HEALTH CARE, S.A. DE C.V.                   ",2023-02-13,538,23/2/2023,20/02/2023,183,183
D3P0049,060,0207,100943,"GOMEN HEALTH CARE, S.A. DE C.V.                   ",2023-02-13,1,23/2/2023,17/02/2023,114,114
D3P0049,060,0306,100942,"GOMEN HEALTH CARE, S.A. DE C.V.                   ",2023-02-13,108,23/2/2023,17/02/2023,11,11
D3P0049,060,0363,100942,"GOMEN HEALTH CARE, S.A. DE C.V.                   ",2023-02-13,1,23/2/2023,17/02/2023,127,127
D3P0049,060,0397,100942,"GOMEN HEALTH CARE, S.A. DE C.V.                   ",2023-02-13,1,23/2/2023,17/02/2023,142,142
D3P0049,060,0405,100942,"GOMEN HEALTH CARE, S.A. DE C.V.                   ",2023-02-13,198,23/2/2023,17/02/2023,21,21
D3P0049,060,0013,101019,"GOMEN HEALTH CARE, S.A. DE C.V.                   ",2023-02-13,418,23/2/2023,20/02/2023,91,91
D3P0049,060,3143,"101063,100944","GOMEN HEALTH CARE, S.A. DE C.V.                   ",2023-02-13,576,23/2/2023,22/02/2023,163,163
D3P0049,060,0091,101019,"GOMEN HEALTH CARE, S.A. DE C.V.                   ",2023-02-13,205,23/2/2023,20/02/2023,62,62
D3P0049,060,0125,100943,"GOMEN HEALTH CARE, S.A. DE C.V.                   ",2023-02-13,265,23/2/2023,17/02/2023,81,81
D3P0049,060,0133,100943,"GOMEN HEALTH CARE, S.A. DE C.V.                   ",2023-02-13,222,23/2/2023,17/02/2023,68,68
D3P0049,060,0141,101019,"GOMEN HEALTH CARE, S.A. DE C.V.                   ",2023-02-13,273,23/2/2023,20/02/2023,83,83
D3P0049,060,0174,100943,"GOMEN HEALTH CARE, S.A. DE C.V.                   ",2023-02-13,253,23/2/2023,17/02/2023,77,77
D3P0049,060,0222,"101019,100943","GOMEN HEALTH CARE, S.A. DE C.V.                   ",2023-02-13,780,23/2/2023,20/02/2023,116,116
D3P0049,060,2723,101019,"GOMEN HEALTH CARE, S.A. DE C.V.                   ",2023-02-13,350,23/2/2023,20/02/2023,893.2,893.2
D3P0049,060,0010,100943,"GOMEN HEALTH CARE, S.A. DE C.V.                   ",2023-02-13,7,23/2/2023,17/02/2023,116,116
D3P0049,060,0013,100943,"GOMEN HEALTH CARE, S.A. DE C.V.                   ",2023-02-13,200,23/2/2023,17/02/2023,147,147
D3P0049,060,1336,100943,"GOMEN HEALTH CARE, S.A. DE C.V.                   ",2023-02-13,20,23/2/2023,17/02/2023,47,47
D3P0049,060,8968,"101019,100943","GOMEN HEALTH CARE, S.A. DE C.V.                   ",2023-02-13,32,23/2/2023,20/02/2023,123,123
D3P0050,060,0109,101053,"INSUMOS Y SOLUCIONES MEDICAS, SA DE CV            ",2023-02-13,650,23/2/2023,22/02/2023,135,135
D3P0050,060,0708,101052,"INSUMOS Y SOLUCIONES MEDICAS, SA DE CV            ",2023-02-13,13,23/2/2023,22/02/2023,2,2
D3P0050,060,8121,101053,"INSUMOS Y SOLUCIONES MEDICAS, SA DE CV            ",2023-02-13,3,23/2/2023,22/02/2023,661.2,661.2
D3P0050,060,8147,101053,"INSUMOS Y SOLUCIONES MEDICAS, SA DE CV            ",2023-02-13,3,23/2/2023,22/02/2023,661.2,661.2
D3P0050,060,8154,101053,"INSUMOS Y SOLUCIONES MEDICAS, SA DE CV            ",2023-02-13,3,23/2/2023,22/02/2023,661.2,661.2
D3P0050,060,2560,101053,"INSUMOS Y SOLUCIONES MEDICAS, SA DE CV            ",2023-02-13,70,23/2/2023,22/02/2023,3,3
D3P0050,060,2578,101053,"INSUMOS Y SOLUCIONES MEDICAS, SA DE CV            ",2023-02-13,73,23/2/2023,22/02/2023,3,3
D3P0052,060,0716,100941,"MED EVOLUTION, S.A.P.I. DE C.V.                   ",2023-02-13,475,23/2/2023,17/02/2023,19,19
D3P0053,060,4030,101051,"PRESEFA, S. A. DE C. V.                           ",2023-02-13,75,23/2/2023,22/02/2023,19,19
D3P0053,060,0267,101051,"PRESEFA, S. A. DE C. V.                           ",2023-02-13,680,23/2/2023,22/02/2023,39,39
D3P0054,060,0022,101055,"SAY QUIMICA MEDICA SA DE CV                       ",2023-02-13,55,23/2/2023,22/02/2023,8,8
D3P0054,060,3387,101054,"SAY QUIMICA MEDICA SA DE CV                       ",2023-02-13,30,23/2/2023,22/02/2023,32,32
D3P0054,060,0115,101055,"SAY QUIMICA MEDICA SA DE CV                       ",2023-02-13,1,23/2/2023,22/02/2023,90,90
D3P0054,060,2227,101055,"SAY QUIMICA MEDICA SA DE CV                       ",2023-02-13,68,23/2/2023,22/02/2023,120,120
D3P0054,060,0428,101055,"SAY QUIMICA MEDICA SA DE CV                       ",2023-02-13,8,23/2/2023,22/02/2023,26,26
D3P0083,060,2736,,"ROANA FARMA, S.A. DE C.V.                         ",2023-03-03,1,13/3/2023,,28,0
D3P0086,060,1887,101597,"COMERCIALIZADORA DARCAN, SA DE CV                 ",2023-03-03,35,13/3/2023,13/03/2023,56,56
D3P0086,060,4220,101597,"COMERCIALIZADORA DARCAN, SA DE CV                 ",2023-03-03,973,13/3/2023,13/03/2023,22,22
D3P0086,060,4238,101597,"COMERCIALIZADORA DARCAN, SA DE CV                 ",2023-03-03,10,13/3/2023,13/03/2023,230,230
D3P0086,060,9631,101597,"COMERCIALIZADORA DARCAN, SA DE CV                 ",2023-03-03,2,13/3/2023,13/03/2023,71,71
D3P0087,060,0680,101601,"GADMAR, S.A. DE C.V.                              ",2023-03-03,30,13/3/2023,13/03/2023,4,4
D3P0087,060,0698,,"GADMAR, S.A. DE C.V.                              ",2023-03-03,0,13/3/2023,,0,0
D3P0087,060,0706,101601,"GADMAR, S.A. DE C.V.                              ",2023-03-03,25,13/3/2023,13/03/2023,3,3
D3P0088,060,0815,101598,"SAY QUIMICA MEDICA SA DE CV                       ",2023-03-03,50,13/3/2023,13/03/2023,42,42
D3P0088,060,0057,101598,"SAY QUIMICA MEDICA SA DE CV                       ",2023-03-03,2,13/3/2023,13/03/2023,192,192
D3P0091,060,0230,101770,"ABASTO Y SUMINISTRO EN FARMACOS GADEC, SA DE CV   ",2023-03-06,8,16/3/2023,16/03/2023,44,44
D3P0092,060,5010,101647,"MEDITIVA MEDICAL S.A DE C.V                       ",2023-03-06,1,16/3/2023,14/03/2023,49,49
D3P0092,060,0666,101646,"MEDITIVA MEDICAL S.A DE C.V                       ",2023-03-06,230,16/3/2023,14/03/2023,9,9
D3P0093,060,0658,101589,"PROMEDICA GARCIA, S. A. DE C. V.                  ",2023-03-06,70,16/3/2023,10/03/2023,24,24
D3P0093,060,9243,101589,"PROMEDICA GARCIA, S. A. DE C. V.                  ",2023-03-06,921,16/3/2023,10/03/2023,5,5
D3P0093,060,0909,101589,"PROMEDICA GARCIA, S. A. DE C. V.                  ",2023-03-06,37,16/3/2023,10/03/2023,2,2
D3P0093,060,0378,101589,"PROMEDICA GARCIA, S. A. DE C. V.                  ",2023-03-06,239,16/3/2023,10/03/2023,6,6
D3P0093,060,0052,101589,"PROMEDICA GARCIA, S. A. DE C. V.                  ",2023-03-06,13,16/3/2023,10/03/2023,2,2
D3P0107,060,0197,101740,"GOMEN HEALTH CARE, S.A. DE C.V.                   ",2023-03-15,34,24/3/2023,16/03/2023,12,12
D3P0107,060,0202,101740,"GOMEN HEALTH CARE, S.A. DE C.V.                   ",2023-03-15,19,24/3/2023,16/03/2023,5,5
D3P0108,060,0872,102007,"ESPARZA GONZALEZ JOSE RAMON                       ",2023-03-15,279,24/3/2023,24/03/2023,50,50
D3P0108,060,1110,102007,"ESPARZA GONZALEZ JOSE RAMON                       ",2023-03-15,230,24/3/2023,24/03/2023,14,14
D3P0108,060,0652,102007,"ESPARZA GONZALEZ JOSE RAMON                       ",2023-03-15,163,24/3/2023,24/03/2023,11,11
D3P0108,060,4249,102007,"ESPARZA GONZALEZ JOSE RAMON                       ",2023-03-15,30,24/3/2023,24/03/2023,11,11
D3P0109,060,1663,101820,"PROMEDICA GARCIA, S. A. DE C. V.                  ",2023-03-15,28,24/3/2023,17/03/2023,2,2
D3P0109,060,5010,101819,"PROMEDICA GARCIA, S. A. DE C. V.                  ",2023-03-15,656,24/3/2023,17/03/2023,11,11
D3P0109,060,9243,101819,"PROMEDICA GARCIA, S. A. DE C. V.                  ",2023-03-15,228,24/3/2023,17/03/2023,1,1
D3P0115,060,0067,102413,"GREEN@W, S.A. DE C.V.                             ",2023-03-16,29,24/3/2023,12/04/2023,309,309
D3P0117,060,0016,102283,"COMERCIALIZADORA THE CAT AND THE MOON SAS DE CV   ",2023-03-24,14,3/4/2023,03/04/2023,40,40
D3P0131,060,3974,102965,"INSUMOS Y SOLUCIONES MEDICAS, SA DE CV            ",2023-04-18,25,28/4/2023,28/04/2023,696,696
D3P0132,060,1011,102964,"PRESEFA, S. A. DE C. V.                           ",2023-04-18,39,28/4/2023,28/04/2023,5,5
D3P0132,060,2901,102964,"PRESEFA, S. A. DE C. V.                           ",2023-04-18,10,28/4/2023,28/04/2023,3,3
D3P0132,060,2919,102964,"PRESEFA, S. A. DE C. V.                           ",2023-04-18,10,28/4/2023,28/04/2023,3,3
D3P0134,060,0872,102966,"INSUMOS Y SOLUCIONES MEDICAS, SA DE CV            ",2023-04-18,683,28/4/2023,28/04/2023,166,166
D3P0166,060,1326,103004,"DISTRIBUIDORA MEDICA HIDROCALIDA DIMEHI, S.A. DE C",2023-04-28,10,8/5/2023,02/05/2023,148,148
D3P0166,060,1342,103074,"DISTRIBUIDORA MEDICA HIDROCALIDA DIMEHI, S.A. DE C",2023-04-28,11,8/5/2023,03/05/2023,243,243
D3P0167,060,5010,103249,"SAY QUIMICA MEDICA SA DE CV                       ",2023-04-28,2,8/5/2023,08/05/2023,39,39
D3P0167,060,0666,103250,"SAY QUIMICA MEDICA SA DE CV                       ",2023-04-28,205,8/5/2023,08/05/2023,6,6
D3P0167,060,0486,103249,"SAY QUIMICA MEDICA SA DE CV                       ",2023-04-28,112,8/5/2023,08/05/2023,33,33
D3P0167,060,0551,103249,"SAY QUIMICA MEDICA SA DE CV                       ",2023-04-28,30,8/5/2023,08/05/2023,14,14
D3P0211,060,0062,104116,"INSUMOS Y SOLUCIONES MEDICAS, SA DE CV            ",2023-05-22,570,1/6/2023,01/06/2023,89,89
D3P0211,060,0765,104116,"INSUMOS Y SOLUCIONES MEDICAS, SA DE CV            ",2023-05-22,173,1/6/2023,01/06/2023,44,44
D3P0211,060,1268,104116,"INSUMOS Y SOLUCIONES MEDICAS, SA DE CV            ",2023-05-22,68,1/6/2023,01/06/2023,16,16
D3P0211,060,0011,104116,"INSUMOS Y SOLUCIONES MEDICAS, SA DE CV            ",2023-05-22,470,1/6/2023,01/06/2023,5,5
D3P0227,060,1326,104120,"DISTRIBUIDORA MEDICA HIDROCALIDA DIMEHI, S.A. DE C",2023-05-30,72,9/6/2023,01/06/2023,1,1
D3P0227,060,1342,"104120,104217","DISTRIBUIDORA MEDICA HIDROCALIDA DIMEHI, S.A. DE C",2023-05-30,81,9/6/2023,01/06/2023,1,1
D3P0231,060,0178,,"SECURE INC, S.A. DE C.V.                          ",2023-06-02,20,12/6/2023,,42,0
D3P0231,060,8220,,"SECURE INC, S.A. DE C.V.                          ",2023-06-02,52,12/6/2023,,1,0
D3P0231,060,8238,,"SECURE INC, S.A. DE C.V.                          ",2023-06-02,158,12/6/2023,,6,0
D3P0231,060,0054,,"SECURE INC, S.A. DE C.V.                          ",2023-06-02,15,12/6/2023,,50,0
D3P0231,060,4371,,"SECURE INC, S.A. DE C.V.                          ",2023-06-02,228,12/6/2023,,109,0
D3P0231,060,0493,,"SECURE INC, S.A. DE C.V.                          ",2023-06-02,3,12/6/2023,,5,0
D3P0008,040,2613,100728,"OPERADORA MARTA, S.A. DE C.V.                     ",2023-02-01,4,11/2/2023,09/02/2023,269,269
D3P0019,040,3268,100911,"FARMACEUTICOS MAYPO, S. A. DE C. V.               ",2023-02-07,22,17/2/2023,16/02/2023,28,28
D3P0026,040,2652,100816,"OPERADORA MARTA, S.A. DE C.V.                     ",2023-02-07,2,17/2/2023,14/02/2023,359,359
D3P0030,040,0243,,"SELECTO MEDICA, S.A. DE C.V.                      ",2023-02-07,0,17/2/2023,,0,0
D3P0030,040,3215,100902,"SELECTO MEDICA, S.A. DE C.V.                      ",2023-02-07,845,17/2/2023,16/02/2023,49,49
D3P0030,040,4477,100902,"SELECTO MEDICA, S.A. DE C.V.                      ",2023-02-07,53,17/2/2023,16/02/2023,5,5
D3P0030,040,4482,100902,"SELECTO MEDICA, S.A. DE C.V.                      ",2023-02-07,175,17/2/2023,16/02/2023,70,70
D3P0030,040,5478,100903,"SELECTO MEDICA, S.A. DE C.V.                      ",2023-02-07,285,17/2/2023,16/02/2023,102,102
D3P0030,040,6298,100902,"SELECTO MEDICA, S.A. DE C.V.                      ",2023-02-07,38,17/2/2023,16/02/2023,4,4
D3P0040,040,6039,"101700,101401","REX FARMA, S.A. DE C.V.                           ",2023-02-08,389,18/2/2023,15/03/2023,224,224
D3P0063,040,3262,,"ALUR TEK, S. DE R.L. DE C.V.                      ",2023-02-22,303,3/3/2023,,45,0
D3P0072,040,3262,101445,"ALUR TEK, S. DE R.L. DE C.V.                      ",2023-02-22,303,3/3/2023,03/03/2023,45,45
D3P0082,040,3204,101428,"ORVI DISTRIBUCIONES, S.A. DE C.V.                 ",2023-03-01,1,10/3/2023,03/03/2023,967,967
D3P0090,040,2613,"101519,101570","ALFEJ MEDICAL ITEMS S DE R.L. DE C.V.             ",2023-03-03,4,13/3/2023,08/03/2023,395,395
D3P0094,040,4484,101767,"ALFEJ MEDICAL ITEMS S DE R.L. DE C.V.             ",2023-03-06,3,16/3/2023,16/03/2023,105,105
D3P0096,040,2612,101615,"COMERCIALIZADORA ALEFARM, S.A. DE C.V.            ",2023-03-06,513,16/3/2023,14/03/2023,43,43
D3P0098,040,3251,101771,"WAYNE MEDICAL S.A.S. DE C.V.                      ",2023-03-06,740,16/3/2023,16/03/2023,33,33
D3P0102,040,4484,101908,"WAYNE MEDICAL S.A.S. DE C.V.                      ",2023-03-10,1,20/3/2023,23/03/2023,47,47
D3P0133,040,0242,102790,"LABORATORIOS PISA, S. A. DE C. V.                 ",2023-04-18,280,27/4/2023,24/04/2023,26,26
D3P0138,040,2164,102839,"WAYNE MEDICAL S.A.S. DE C.V.                      ",2023-04-20,153,27/4/2023,25/04/2023,24,24
D3P0148,040,2499,103189,"ALFEJ MEDICAL ITEMS S DE R.L. DE C.V.             ",2023-04-27,1,5/5/2023,05/05/2023,156,156
D3P0148,040,2613,103053,"ALFEJ MEDICAL ITEMS S DE R.L. DE C.V.             ",2023-04-27,2,5/5/2023,03/05/2023,181,181
D3P0162,040,2612,102954,"SELECTO MEDICA, S.A. DE C.V.                      ",2023-04-27,3,5/5/2023,27/04/2023,384,384
D3P0163,040,2612,102955,"SELECTO MEDICA, S.A. DE C.V.                      ",2023-04-27,2,5/5/2023,27/04/2023,219,219
D3P0164,040,2612,102953,"SELECTO MEDICA, S.A. DE C.V.                      ",2023-04-27,900,5/5/2023,27/04/2023,89,89
D3P0165,040,2612,102952,"SELECTO MEDICA, S.A. DE C.V.                      ",2023-04-27,3,5/5/2023,27/04/2023,297,297
D3P0168,040,3258,103115,"ANPE GRUMED, S. DE R.L. DE C.V.                   ",2023-04-28,27,8/5/2023,04/05/2023,5,5
D3P0204,040,5478,103796,"GADMAR, S.A. DE C.V.                              ",2023-05-19,283,29/5/2023,24/05/2023,103,103
D3P0243,040,3204,,"ORVI DISTRIBUCIONES, S.A. DE C.V.                 ",2023-06-05,915,15/6/2023,,777,0
D3P0001,010,0108,100405,"ALUR TEK, S. DE R.L. DE C.V.                      ",2023-01-19,21,27/1/2023,24/01/2023,578,578
D3P0001,010,0247,100405,"ALUR TEK, S. DE R.L. DE C.V.                      ",2023-01-19,1,27/1/2023,24/01/2023,638,638
D3P0001,010,0264,100405,"ALUR TEK, S. DE R.L. DE C.V.                      ",2023-01-19,755,27/1/2023,24/01/2023,167,167
D3P0001,010,0269,100405,"ALUR TEK, S. DE R.L. DE C.V.                      ",2023-01-19,199,27/1/2023,24/01/2023,118,118
D3P0001,010,1938,100405,"ALUR TEK, S. DE R.L. DE C.V.                      ",2023-01-19,2,27/1/2023,24/01/2023,86,86
D3P0001,010,3607,100405,"ALUR TEK, S. DE R.L. DE C.V.                      ",2023-01-19,6,27/1/2023,24/01/2023,314,314
D3P0001,010,5100,100406,"ALUR TEK, S. DE R.L. DE C.V.                      ",2023-01-19,29,27/1/2023,24/01/2023,66,66
D3P0002,010,4333,100409,"FARMACEUTICOS MAYPO, S. A. DE C. V.               ",2023-01-19,1,27/1/2023,24/01/2023,76,76
D3P0003,010,0472,100416,"HISA FARMACEUTICA, S. A. DE C. V.                 ",2023-01-19,5,27/1/2023,24/01/2023,53,53
D3P0004,010,4191,100390,"WAYNE MEDICAL S.A.S. DE C.V.                      ",2023-01-19,853,27/1/2023,23/01/2023,953,953
D3P0005,010,1209,100958,"ALUR TEK, S. DE R.L. DE C.V.                      ",2023-01-31,6,10/2/2023,20/02/2023,249,249
D3P0006,010,0804,"100752,100763","COMERCIALIZADORA ALEFARM, S.A. DE C.V.            ",2023-02-01,4,11/2/2023,10/02/2023,124,124
D3P0006,010,5244,100761,"COMERCIALIZADORA ALEFARM, S.A. DE C.V.            ",2023-02-01,213,11/2/2023,10/02/2023,3,3
D3P0006,010,5487,101181,"COMERCIALIZADORA ALEFARM, S.A. DE C.V.            ",2023-02-01,2,11/2/2023,27/02/2023,118,118
D3P0007,010,0891,100727,"OPERADORA MARTA, S.A. DE C.V.                     ",2023-02-01,10,11/2/2023,09/02/2023,89,89
D3P0007,010,2540,100727,"OPERADORA MARTA, S.A. DE C.V.                     ",2023-02-01,8,11/2/2023,09/02/2023,445,445
D3P0007,010,4362,100727,"OPERADORA MARTA, S.A. DE C.V.                     ",2023-02-01,44,11/2/2023,09/02/2023,104,104
D3P0009,010,2662,100866,"PROMOTORA MEDICA SELEC, S.A DE C.V.               ",2023-02-01,1,11/2/2023,15/02/2023,177,177
D3P0010,010,5240,100867,"ROANA FARMA, S.A. DE C.V.                         ",2023-02-01,163,11/2/2023,15/02/2023,2,2
D3P0011,010,5333,100868,"ROSAN MEDICAL SA DE CV                            ",2023-02-01,5,11/2/2023,15/02/2023,5,5
D3P0012,010,1931,100718,"WAYNE MEDICAL S.A.S. DE C.V.                      ",2023-02-01,950,11/2/2023,09/02/2023,27,27
D3P0012,010,1981,100718,"WAYNE MEDICAL S.A.S. DE C.V.                      ",2023-02-01,1,11/2/2023,09/02/2023,61,61
D3P0012,010,2024,100718,"WAYNE MEDICAL S.A.S. DE C.V.                      ",2023-02-01,1,11/2/2023,09/02/2023,65,65
D3P0012,010,2123,100718,"WAYNE MEDICAL S.A.S. DE C.V.                      ",2023-02-01,53,11/2/2023,09/02/2023,6,6
D3P0012,010,2126,100718,"WAYNE MEDICAL S.A.S. DE C.V.                      ",2023-02-01,1,11/2/2023,09/02/2023,120,120
D3P0012,010,2331,100718,"WAYNE MEDICAL S.A.S. DE C.V.                      ",2023-02-01,3,11/2/2023,09/02/2023,208,208
D3P0012,010,2471,100718,"WAYNE MEDICAL S.A.S. DE C.V.                      ",2023-02-01,13,11/2/2023,09/02/2023,275,275
D3P0012,010,2626,100718,"WAYNE MEDICAL S.A.S. DE C.V.                      ",2023-02-01,8,11/2/2023,09/02/2023,2,2
D3P0012,010,2707,100718,"WAYNE MEDICAL S.A.S. DE C.V.                      ",2023-02-01,3,11/2/2023,09/02/2023,49,49
D3P0012,010,3830,100718,"WAYNE MEDICAL S.A.S. DE C.V.                      ",2023-02-01,15,11/2/2023,09/02/2023,4,4
D3P0012,010,4126,100718,"WAYNE MEDICAL S.A.S. DE C.V.                      ",2023-02-01,1,11/2/2023,09/02/2023,235,235
D3P0012,010,4164,100718,"WAYNE MEDICAL S.A.S. DE C.V.                      ",2023-02-01,110,11/2/2023,09/02/2023,7,7
D3P0012,010,4265,100718,"WAYNE MEDICAL S.A.S. DE C.V.                      ",2023-02-01,17,11/2/2023,09/02/2023,5,5
D3P0012,010,4299,100718,"WAYNE MEDICAL S.A.S. DE C.V.                      ",2023-02-01,2,11/2/2023,09/02/2023,190,190
D3P0012,010,4300,100718,"WAYNE MEDICAL S.A.S. DE C.V.                      ",2023-02-01,330,11/2/2023,09/02/2023,19,19
D3P0012,010,5099,100719,"WAYNE MEDICAL S.A.S. DE C.V.                      ",2023-02-01,143,11/2/2023,09/02/2023,240,240
D3P0012,010,5363,100719,"WAYNE MEDICAL S.A.S. DE C.V.                      ",2023-02-01,1,11/2/2023,09/02/2023,250,250
D3P0012,010,5490,100719,"WAYNE MEDICAL S.A.S. DE C.V.                      ",2023-02-01,95,11/2/2023,09/02/2023,33,33
D3P0012,010,6291,100718,"WAYNE MEDICAL S.A.S. DE C.V.                      ",2023-02-01,21,11/2/2023,09/02/2023,6,6
D3P0016,010,1923,100918,"ALUR TEK, S. DE R.L. DE C.V.                      ",2023-02-07,6,17/2/2023,16/02/2023,122,122
D3P0016,010,1924,100918,"ALUR TEK, S. DE R.L. DE C.V.                      ",2023-02-07,7,17/2/2023,16/02/2023,133,133
D3P0016,010,3624,100918,"ALUR TEK, S. DE R.L. DE C.V.                      ",2023-02-07,893,17/2/2023,16/02/2023,14,14
D3P0017,010,4260,100931,"BOSQUE FARMACEUTICA, S.A.S. DE C.V.               ",2023-02-07,1,17/2/2023,17/02/2023,127,127
D3P0017,010,6099,100931,"BOSQUE FARMACEUTICA, S.A.S. DE C.V.               ",2023-02-07,338,17/2/2023,17/02/2023,36,36
D3P0018,010,3261,100803,"FARMACEUTICOS MAYPO, S. A. DE C. V.               ",2023-02-07,128,17/2/2023,14/02/2023,78,78
D3P0018,010,3826,100883,"FARMACEUTICOS MAYPO, S. A. DE C. V.               ",2023-02-07,9,17/2/2023,15/02/2023,5,5
D3P0018,010,4148,100926,"FARMACEUTICOS MAYPO, S. A. DE C. V.               ",2023-02-07,703,17/2/2023,17/02/2023,197,197
D3P0018,010,4165,100910,"FARMACEUTICOS MAYPO, S. A. DE C. V.               ",2023-02-07,8,17/2/2023,16/02/2023,1,1
D3P0018,010,4208,100926,"FARMACEUTICOS MAYPO, S. A. DE C. V.               ",2023-02-07,60,17/2/2023,17/02/2023,72,72
D3P0018,010,4320,100803,"FARMACEUTICOS MAYPO, S. A. DE C. V.               ",2023-02-07,9,17/2/2023,14/02/2023,86,86
D3P0018,010,4321,100803,"FARMACEUTICOS MAYPO, S. A. DE C. V.               ",2023-02-07,8,17/2/2023,14/02/2023,153,153
D3P0018,010,4334,101177,"FARMACEUTICOS MAYPO, S. A. DE C. V.               ",2023-02-07,33,17/2/2023,27/02/2023,7,7
D3P0018,010,4352,100803,"FARMACEUTICOS MAYPO, S. A. DE C. V.               ",2023-02-07,60,17/2/2023,14/02/2023,204,204
D3P0018,010,5191,100870,"FARMACEUTICOS MAYPO, S. A. DE C. V.               ",2023-02-07,1,17/2/2023,15/02/2023,475,475
D3P0018,010,5223,100870,"FARMACEUTICOS MAYPO, S. A. DE C. V.               ",2023-02-07,10,17/2/2023,15/02/2023,23,23
D3P0018,010,5433,100870,"FARMACEUTICOS MAYPO, S. A. DE C. V.               ",2023-02-07,26,17/2/2023,15/02/2023,54,54
D3P0018,010,5483,100804,"FARMACEUTICOS MAYPO, S. A. DE C. V.               ",2023-02-07,75,17/2/2023,14/02/2023,75,75
D3P0018,010,5730,101178,"FARMACEUTICOS MAYPO, S. A. DE C. V.               ",2023-02-07,6,17/2/2023,27/02/2023,2,2
D3P0018,010,6160,100948,"FARMACEUTICOS MAYPO, S. A. DE C. V.               ",2023-02-07,38,17/2/2023,17/02/2023,57,57
D3P0018,010,6162,100883,"FARMACEUTICOS MAYPO, S. A. DE C. V.               ",2023-02-07,38,17/2/2023,15/02/2023,65,65
D3P0018,010,6310,100803,"FARMACEUTICOS MAYPO, S. A. DE C. V.               ",2023-02-07,20,17/2/2023,14/02/2023,701,701
D3P0020,010,1925,100904,"FARMACOS Y ABASTECIMIENTOS PARA LA SALUD, SA DE CV",2023-02-07,6,17/2/2023,16/02/2023,160,160
D3P0020,010,2628,100904,"FARMACOS Y ABASTECIMIENTOS PARA LA SALUD, SA DE CV",2023-02-07,148,17/2/2023,16/02/2023,24,24
D3P0020,010,5445,101573,"FARMACOS Y ABASTECIMIENTOS PARA LA SALUD, SA DE CV",2023-02-07,118,17/2/2023,10/03/2023,365,365
D3P0020,010,6012,100904,"FARMACOS Y ABASTECIMIENTOS PARA LA SALUD, SA DE CV",2023-02-07,1,17/2/2023,16/02/2023,167,167
D3P0021,010,0801,100815,"GADMAR, S.A. DE C.V.                              ",2023-02-07,1,17/2/2023,14/02/2023,33,33
D3P0021,010,1929,100815,"GADMAR, S.A. DE C.V.                              ",2023-02-07,4,17/2/2023,14/02/2023,201,201
D3P0022,010,4488,100845,"GAMBARS DISTRIBUIDORA S.A. DE C.V.                ",2023-02-07,3,17/2/2023,15/02/2023,179,179
D3P0022,010,5359,100844,"GAMBARS DISTRIBUIDORA S.A. DE C.V.                ",2023-02-07,3,17/2/2023,15/02/2023,364,364
D3P0023,010,1308,100773,"GREEN@W, S.A. DE C.V.                             ",2023-02-07,6,17/2/2023,13/02/2023,179,179
D3P0023,010,4160,"100773,101824","GREEN@W, S.A. DE C.V.                             ",2023-02-07,30,17/2/2023,13/02/2023,210,210
D3P0023,010,4332,100913,"GREEN@W, S.A. DE C.V.                             ",2023-02-07,930,17/2/2023,16/02/2023,176,176
D3P0023,010,6305,100773,"GREEN@W, S.A. DE C.V.                             ",2023-02-07,6,17/2/2023,13/02/2023,540,540
D3P0024,010,2463,100762,"H2O BEBORN SA DE CV                               ",2023-02-07,7,17/2/2023,10/02/2023,167,167
D3P0025,010,0105,100857,"INSUMOS Y SOLUCIONES MEDICAS, SA DE CV            ",2023-02-07,1,17/2/2023,15/02/2023,17,17
D3P0025,010,6183,100857,"INSUMOS Y SOLUCIONES MEDICAS, SA DE CV            ",2023-02-07,24,17/2/2023,15/02/2023,59,59
D3P0027,010,2016,100746,"ORVI DISTRIBUCIONES, S.A. DE C.V.                 ",2023-02-07,2,17/2/2023,10/02/2023,35,35
D3P0028,010,0440,100770,"PROMOTORA MEDICA SELEC, S.A DE C.V.               ",2023-02-07,600,17/2/2023,13/02/2023,280,280
D3P0028,010,0450,100770,"PROMOTORA MEDICA SELEC, S.A DE C.V.               ",2023-02-07,381,17/2/2023,13/02/2023,83,83
D3P0029,010,4118,101489,"ROANA FARMA, S.A. DE C.V.                         ",2023-02-07,545,17/2/2023,07/03/2023,667,667
D3P0031,010,4158,100951,"H2O BEBORN SA DE CV                               ",2023-02-08,2,18/2/2023,17/02/2023,598,598
D3P0032,010,4158,100753,"ORVI DISTRIBUCIONES, S.A. DE C.V.                 ",2023-02-08,30,18/2/2023,10/02/2023,8,8
D3P0033,010,3413,"101049,101699,102006","BOSQUE FARMACEUTICA, S.A.S. DE C.V.               ",2023-02-08,134,18/2/2023,22/02/2023,5,5
D3P0034,010,5741,"101024,101102","COMERCIALIZADORA ALEFARM, S.A. DE C.V.            ",2023-02-08,2,18/2/2023,21/02/2023,4,4
D3P0035,010,5741,,"DISTRIBUIDORA CALVER, S.A. DE C.V.                ",2023-02-08,4,18/2/2023,,6,0
D3P0036,010,5433,100912,"FARMACEUTICOS MAYPO, S. A. DE C. V.               ",2023-02-08,19,18/2/2023,16/02/2023,40,40
D3P0036,010,5633,100912,"FARMACEUTICOS MAYPO, S. A. DE C. V.               ",2023-02-08,50,18/2/2023,16/02/2023,369,369
D3P0038,010,5741,"101569,101572,101571","MEDICA DALI, S. A. DE C. V.                       ",2023-02-08,3,18/2/2023,09/03/2023,5,5
D3P0039,010,6061,"101180,100950","NOVO NORDISK MEXICO, S.A DE C.V.                  ",2023-02-08,299,18/2/2023,27/02/2023,214,214
D3P0041,010,5332,100919,"ALUR TEK, S. DE R.L. DE C.V.                      ",2023-02-10,2,19/2/2023,16/02/2023,2,2
D3P0042,010,3132,100774,"GREEN@W, S.A. DE C.V.                             ",2023-02-10,3,19/2/2023,13/02/2023,582,582
D3P0043,010,0901,100933,"WAYNE MEDICAL S.A.S. DE C.V.                      ",2023-02-10,526,19/2/2023,17/02/2023,104,104
D3P0043,010,4485,100933,"WAYNE MEDICAL S.A.S. DE C.V.                      ",2023-02-10,270,19/2/2023,17/02/2023,59,59
D3P0043,010,5452,100932,"WAYNE MEDICAL S.A.S. DE C.V.                      ",2023-02-10,9,19/2/2023,17/02/2023,168,168
D3P0055,010,5388,101125,"MED EVOLUTION, S.A.P.I. DE C.V.                   ",2023-02-15,90,24/2/2023,24/02/2023,115,115
D3P0055,010,5389,101125,"MED EVOLUTION, S.A.P.I. DE C.V.                   ",2023-02-15,80,24/2/2023,24/02/2023,125,125
D3P0056,010,4158,,"INTEGRAL FMS CONSULTING BUSINESS, SA DE CV        ",2023-02-15,60,18/2/2023,,16,0
D3P0057,010,6336,100987,"ALFEJ MEDICAL ITEMS S DE R.L. DE C.V.             ",2023-02-17,120,27/2/2023,20/02/2023,55,55
D3P0058,010,5741,"101574,101400,101399","DISTRIBUIDORA CALVER, S.A. DE C.V.                ",2023-02-17,2,27/2/2023,10/03/2023,3,3
D3P0059,010,1243,101171,"FARMACIAS NACIONALES, S. A. DE C. V.              ",2023-02-17,2,27/2/2023,27/02/2023,38,38
D3P0059,010,1364,101171,"FARMACIAS NACIONALES, S. A. DE C. V.              ",2023-02-17,1,27/2/2023,27/02/2023,71,71
D3P0059,010,3423,101171,"FARMACIAS NACIONALES, S. A. DE C. V.              ",2023-02-17,1,27/2/2023,27/02/2023,38,38
D3P0059,010,4112,101171,"FARMACIAS NACIONALES, S. A. DE C. V.              ",2023-02-17,60,27/2/2023,27/02/2023,60,60
D3P0059,010,4326,101171,"FARMACIAS NACIONALES, S. A. DE C. V.              ",2023-02-17,80,27/2/2023,27/02/2023,111,111
D3P0060,010,0904,101490,"ROANA FARMA, S.A. DE C.V.                         ",2023-02-17,190,27/2/2023,07/03/2023,32,32
D3P0061,010,1511,101174,"ZASVAR, S.A. DE C.V.                              ",2023-02-17,268,27/2/2023,27/02/2023,33,33
D3P0061,010,2417,101174,"ZASVAR, S.A. DE C.V.                              ",2023-02-17,33,27/2/2023,27/02/2023,216,216
D3P0062,010,1954,,"ALUR TEK, S. DE R.L. DE C.V.                      ",2023-02-22,23,3/3/2023,,575,0
D3P0062,010,4055,,"ALUR TEK, S. DE R.L. DE C.V.                      ",2023-02-22,950,3/3/2023,,58,0
D3P0064,010,1972,,"BOSQUE FARMACEUTICA, S.A.S. DE C.V.               ",2023-02-22,2,3/3/2023,,226,0
D3P0064,010,3102,,"BOSQUE FARMACEUTICA, S.A.S. DE C.V.               ",2023-02-22,377,3/3/2023,,37,0
D3P0065,010,0865,,"COMERCIALIZADORA PENTAMED, S. A. DE C. V.         ",2023-02-22,1,3/3/2023,,138,0
D3P0065,010,5126,,"COMERCIALIZADORA PENTAMED, S. A. DE C. V.         ",2023-02-22,8,3/3/2023,,1,0
D3P0065,010,6092,,"COMERCIALIZADORA PENTAMED, S. A. DE C. V.         ",2023-02-22,6,3/3/2023,,62,0
D3P0066,010,1708,,"DAVERK GREEN, S.A.S. DE C.V.                      ",2023-02-22,1,3/3/2023,,20,0
D3P0066,010,3614,,"DAVERK GREEN, S.A.S. DE C.V.                      ",2023-02-22,1,3/3/2023,,70,0
D3P0066,010,3626,,"DAVERK GREEN, S.A.S. DE C.V.                      ",2023-02-22,3,3/3/2023,,189,0
D3P0067,010,0822,,"DISTRIBUIDORA BIOTECPHARMA, S. DE R.L. DE C.V.    ",2023-02-22,1,3/3/2023,,226,0
D3P0068,010,1940,,"GADMAR, S.A. DE C.V.                              ",2023-02-22,3,3/3/2023,,59,0
D3P0069,010,4141,,"GREEN@W, S.A. DE C.V.                             ",2023-02-22,438,3/3/2023,,70,0
D3P0069,010,5431,,"GREEN@W, S.A. DE C.V.                             ",2023-02-22,78,3/3/2023,,233,0
D3P0070,010,1061,,"ROANA FARMA, S.A. DE C.V.                         ",2023-02-22,60,3/3/2023,,59,0
D3P0070,010,1541,,"ROANA FARMA, S.A. DE C.V.                         ",2023-02-22,715,3/3/2023,,278,0
D3P0070,010,2519,,"ROANA FARMA, S.A. DE C.V.                         ",2023-02-22,2,3/3/2023,,504,0
D3P0071,010,1954,101444,"ALUR TEK, S. DE R.L. DE C.V.                      ",2023-02-22,23,3/3/2023,03/03/2023,575,575
D3P0071,010,4055,101444,"ALUR TEK, S. DE R.L. DE C.V.                      ",2023-02-22,950,3/3/2023,03/03/2023,58,58
D3P0073,010,1972,101564,"BOSQUE FARMACEUTICA, S.A.S. DE C.V.               ",2023-02-22,1,3/3/2023,09/03/2023,80,80
D3P0073,010,3102,101564,"BOSQUE FARMACEUTICA, S.A.S. DE C.V.               ",2023-02-22,377,3/3/2023,09/03/2023,37,37
D3P0074,010,0865,101426,"COMERCIALIZADORA PENTAMED, S. A. DE C. V.         ",2023-02-22,1,3/3/2023,03/03/2023,138,138
D3P0074,010,5126,101425,"COMERCIALIZADORA PENTAMED, S. A. DE C. V.         ",2023-02-22,8,3/3/2023,03/03/2023,1,1
D3P0074,010,6092,101426,"COMERCIALIZADORA PENTAMED, S. A. DE C. V.         ",2023-02-22,6,3/3/2023,03/03/2023,62,62
D3P0075,010,1708,101246,"DAVERK GREEN, S.A.S. DE C.V.                      ",2023-02-22,1,3/3/2023,28/02/2023,20,20
D3P0075,010,3614,"101909,101246","DAVERK GREEN, S.A.S. DE C.V.                      ",2023-02-22,1,3/3/2023,23/03/2023,70,70
D3P0075,010,3626,"101909,101246","DAVERK GREEN, S.A.S. DE C.V.                      ",2023-02-22,3,3/3/2023,23/03/2023,189,189
D3P0076,010,0822,101170,"DISTRIBUIDORA BIOTECPHARMA, S. DE R.L. DE C.V.    ",2023-02-22,1,3/3/2023,27/02/2023,226,226
D3P0077,010,1940,101411,"GADMAR, S.A. DE C.V.                              ",2023-02-22,3,3/3/2023,02/03/2023,59,59
D3P0078,010,4141,101520,"GREEN@W, S.A. DE C.V.                             ",2023-02-22,438,3/3/2023,08/03/2023,70,70
D3P0078,010,5431,101427,"GREEN@W, S.A. DE C.V.                             ",2023-02-22,78,3/3/2023,03/03/2023,233,233
D3P0079,010,1061,101424,"ROANA FARMA, S.A. DE C.V.                         ",2023-02-22,60,3/3/2023,03/03/2023,59,59
D3P0079,010,1541,101447,"ROANA FARMA, S.A. DE C.V.                         ",2023-02-22,715,3/3/2023,03/03/2023,278,278
D3P0079,010,2519,101424,"ROANA FARMA, S.A. DE C.V.                         ",2023-02-22,2,3/3/2023,03/03/2023,504,504
D3P0080,010,4158,"101339,101371,101175","V&L CORP, S.A. DE C.V.                            ",2023-02-24,60,6/3/2023,01/03/2023,12,12
D3P0081,010,5697,101512,"ROSAN MEDICAL SA DE CV                            ",2023-03-01,350,10/3/2023,08/03/2023,4,4
D3P0084,010,5741,,"MEDICA VENUE, S.A DE C.V.                         ",2023-03-03,9,13/3/2023,,15,0
D3P0085,010,5741,,"ORVI DISTRIBUCIONES, S.A. DE C.V.                 ",2023-03-03,13,13/3/2023,,20,0
D3P0095,010,2174,101616,"COMERCIALIZADORA ALEFARM, S.A. DE C.V.            ",2023-03-06,371,16/3/2023,14/03/2023,16,16
D3P0097,010,4184,101772,"WAYNE MEDICAL S.A.S. DE C.V.                      ",2023-03-06,945,16/3/2023,16/03/2023,13,13
D3P0097,010,4302,101772,"WAYNE MEDICAL S.A.S. DE C.V.                      ",2023-03-06,1,16/3/2023,16/03/2023,69,69
D3P0097,010,5273,101773,"WAYNE MEDICAL S.A.S. DE C.V.                      ",2023-03-06,4,16/3/2023,16/03/2023,14,14
D3P0099,010,6007,101702,"COMERCIALIZADORA LEALCA, S.A. DE C.V.             ",2023-03-07,852,17/3/2023,15/03/2023,1,1
D3P0100,010,6007,"101904,101703","COMERCIALIZADORA LEALCA, S.A. DE C.V.             ",2023-03-10,2,20/3/2023,23/03/2023,3,3
D3P0101,010,1765,101906,"WAYNE MEDICAL S.A.S. DE C.V.                      ",2023-03-10,52,20/3/2023,23/03/2023,30,30
D3P0101,010,3415,"101775,101906","WAYNE MEDICAL S.A.S. DE C.V.                      ",2023-03-10,9,20/3/2023,16/03/2023,118,118
D3P0101,010,5461,101905,"WAYNE MEDICAL S.A.S. DE C.V.                      ",2023-03-10,40,20/3/2023,23/03/2023,160,160
D3P0101,010,5942,101905,"WAYNE MEDICAL S.A.S. DE C.V.                      ",2023-03-10,140,20/3/2023,23/03/2023,5,5
D3P0103,010,1765,101907,"WAYNE MEDICAL S.A.S. DE C.V.                      ",2023-03-10,422,20/3/2023,23/03/2023,244,244
D3P0104,010,5486,101855,"HISA FARMACEUTICA, S. A. DE C. V.                 ",2023-03-13,1,23/3/2023,21/03/2023,91,91
D3P0105,010,4411,101611,"SALDIVAR VARGAS JORGE HECTOR                      ",2023-03-13,629,23/3/2023,13/03/2023,148,148
D3P0106,010,4309,101841,"WAYNE MEDICAL S.A.S. DE C.V.                      ",2023-03-13,632,23/3/2023,21/03/2023,18,18
D3P0111,010,6131,102030,"COMERCIALIZADORA LEALCA, S.A. DE C.V.             ",2023-03-16,21,24/3/2023,24/03/2023,1,1
D3P0112,010,6131,102031,"COMERCIALIZADORA LEALCA, S.A. DE C.V.             ",2023-03-16,27,24/3/2023,24/03/2023,1,1
D3P0113,010,5434,101840,"GADMAR, S.A. DE C.V.                              ",2023-03-16,10,24/3/2023,21/03/2023,63,63
D3P0114,010,7021,101946,"GREEN@W, S.A. DE C.V.                             ",2023-03-16,30,24/3/2023,23/03/2023,435,435
D3P0116,010,4356,101839,"PROMOTORA MEDICA SELEC, S.A DE C.V.               ",2023-03-17,2,27/3/2023,21/03/2023,179,179
D3P0116,010,4483,101839,"PROMOTORA MEDICA SELEC, S.A DE C.V.               ",2023-03-17,15,27/3/2023,21/03/2023,456,456
D3P0119,010,3511,102307,"INSUMOS Y SOLUCIONES MEDICAS, SA DE CV            ",2023-03-31,32,10/4/2023,05/04/2023,5,5
D3P0120,010,5434,102641,"GADMAR, S.A. DE C.V.                              ",2023-04-10,25,20/4/2023,18/04/2023,149,149
D3P0120,010,6291,102642,"GADMAR, S.A. DE C.V.                              ",2023-04-10,26,20/4/2023,18/04/2023,6,6
D3P0121,010,1051,"103612,102715","ROSAN MEDICAL SA DE CV                            ",2023-04-10,891,20/4/2023,18/05/2023,209,209
D3P0121,010,4251,102715,"ROSAN MEDICAL SA DE CV                            ",2023-04-10,1,20/4/2023,20/04/2023,87,87
D3P0121,010,5332,102716,"ROSAN MEDICAL SA DE CV                            ",2023-04-10,1,20/4/2023,20/04/2023,1,1
D3P0122,010,6063,102371,"NOVO NORDISK MEXICO, S.A DE C.V.                  ",2023-04-10,268,14/4/2023,11/04/2023,731,731
D3P0123,010,2208,102372,"FARMACEUTICOS MAYPO, S. A. DE C. V.               ",2023-04-10,61,14/4/2023,11/04/2023,105,105
D3P0124,010,2540,"102781,102666,102667","WORLD DIAGNOSTIC, SAPI DE CV                      ",2023-04-13,540,19/4/2023,24/04/2023,29,29
D3P0125,010,2618,102614,"ALFEJ MEDICAL ITEMS S DE R.L. DE C.V.             ",2023-04-14,1,24/4/2023,17/04/2023,184,184
D3P0126,010,2617,102724,"DARFARMA S.A. DE C.V.                             ",2023-04-14,1,24/4/2023,21/04/2023,159,159
D3P0126,010,4359,102756,"DARFARMA S.A. DE C.V.                             ",2023-04-14,3,24/4/2023,21/04/2023,72,72
D3P0126,010,5401,102757,"DARFARMA S.A. DE C.V.                             ",2023-04-14,25,24/4/2023,21/04/2023,23,23
D3P0127,010,5800,102728,"COMERCIALIZADORA LEALCA, S.A. DE C.V.             ",2023-04-14,1,24/4/2023,21/04/2023,4,4
D3P0128,010,5486,"102829,103462,102668","HISA FARMACEUTICA, S. A. DE C. V.                 ",2023-04-17,130,27/4/2023,25/04/2023,6,6
D3P0129,010,4117,102640,"DISTRIBUIDORA DEMA, S.A. DE C.V.                  ",2023-04-17,33,20/4/2023,18/04/2023,8,8
D3P0137,010,5735,103015,"GADMAR, S.A. DE C.V.                              ",2023-04-20,440,27/4/2023,03/05/2023,342,342
D3P0139,010,5445,102886,"FARMACOS Y ABASTECIMIENTOS PARA LA SALUD, SA DE CV",2023-04-21,204,28/4/2023,26/04/2023,693,693
D3P0140,010,5163,103072,"COMERCIALIZADORA DOLOAYA, S.A. DE C.V.            ",2023-04-25,518,5/5/2023,03/05/2023,347,347
D3P0141,010,1937,103010,"COMERCIALIZADORA LEALCA, S.A. DE C.V.             ",2023-04-25,6,5/5/2023,03/05/2023,286,286
D3P0142,010,0429,103207,"WAYNE MEDICAL S.A.S. DE C.V.                      ",2023-04-25,2,5/5/2023,05/05/2023,94,94
D3P0142,010,1926,103207,"WAYNE MEDICAL S.A.S. DE C.V.                      ",2023-04-25,1,5/5/2023,05/05/2023,60,60
D3P0143,010,5306,102962,"ALFEJ MEDICAL ITEMS S DE R.L. DE C.V.             ",2023-04-26,34,5/5/2023,28/04/2023,13,13
D3P0144,010,5306,102963,"ALFEJ MEDICAL ITEMS S DE R.L. DE C.V.             ",2023-04-26,314,5/5/2023,28/04/2023,120,120
D3P0145,010,3999,103030,"EF DESARROLLO E INVESTIGACIONES,  SA DE CV        ",2023-04-26,1,5/5/2023,03/05/2023,3,3
D3P0146,010,3999,103029,"EF DESARROLLO E INVESTIGACIONES,  SA DE CV        ",2023-04-26,94,5/5/2023,03/05/2023,206,206
D3P0147,010,2618,103050,"ALFEJ MEDICAL ITEMS S DE R.L. DE C.V.             ",2023-04-27,205,5/5/2023,03/05/2023,22,22
D3P0147,010,4025,103050,"ALFEJ MEDICAL ITEMS S DE R.L. DE C.V.             ",2023-04-27,478,5/5/2023,03/05/2023,28,28
D3P0147,010,4185,103050,"ALFEJ MEDICAL ITEMS S DE R.L. DE C.V.             ",2023-04-27,90,5/5/2023,03/05/2023,40,40
D3P0149,010,1931,103459,"ALUR TEK, S. DE R.L. DE C.V.                      ",2023-04-27,293,5/5/2023,12/05/2023,17,17
D3P0149,010,5481,103460,"ALUR TEK, S. DE R.L. DE C.V.                      ",2023-04-27,832,5/5/2023,12/05/2023,18,18
D3P0150,010,1931,103461,"ALUR TEK, S. DE R.L. DE C.V.                      ",2023-04-27,158,5/5/2023,12/05/2023,9,9
D3P0151,010,0439,103214,"BOSQUE FARMACEUTICA, S.A.S. DE C.V.               ",2023-04-27,288,5/5/2023,05/05/2023,12,12
D3P0151,010,1760,103214,"BOSQUE FARMACEUTICA, S.A.S. DE C.V.               ",2023-04-27,5,5/5/2023,05/05/2023,1,1
D3P0151,010,1926,103214,"BOSQUE FARMACEUTICA, S.A.S. DE C.V.               ",2023-04-27,1,5/5/2023,05/05/2023,112,112
D3P0151,010,2188,103214,"BOSQUE FARMACEUTICA, S.A.S. DE C.V.               ",2023-04-27,129,5/5/2023,05/05/2023,19,19
D3P0151,010,4307,103214,"BOSQUE FARMACEUTICA, S.A.S. DE C.V.               ",2023-04-27,10,5/5/2023,05/05/2023,9,9
D3P0151,010,4308,103214,"BOSQUE FARMACEUTICA, S.A.S. DE C.V.               ",2023-04-27,402,5/5/2023,05/05/2023,11,11
D3P0151,010,4329,103214,"BOSQUE FARMACEUTICA, S.A.S. DE C.V.               ",2023-04-27,203,5/5/2023,05/05/2023,19,19
D3P0151,010,4358,103214,"BOSQUE FARMACEUTICA, S.A.S. DE C.V.               ",2023-04-27,38,5/5/2023,05/05/2023,6,6
D3P0151,010,4408,103214,"BOSQUE FARMACEUTICA, S.A.S. DE C.V.               ",2023-04-27,21,5/5/2023,05/05/2023,1,1
D3P0151,010,5487,103215,"BOSQUE FARMACEUTICA, S.A.S. DE C.V.               ",2023-04-27,1,5/5/2023,05/05/2023,130,130
D3P0151,010,5488,103215,"BOSQUE FARMACEUTICA, S.A.S. DE C.V.               ",2023-04-27,278,5/5/2023,05/05/2023,46,46
D3P0152,010,5163,103073,"COMERCIALIZADORA DOLOAYA, S.A. DE C.V.            ",2023-04-27,242,5/5/2023,03/05/2023,162,162
D3P0153,010,1210,103202,"EF DESARROLLO E INVESTIGACIONES,  SA DE CV        ",2023-04-27,2,5/5/2023,05/05/2023,58,58
D3P0153,010,4298,103382,"EF DESARROLLO E INVESTIGACIONES,  SA DE CV        ",2023-04-27,11,5/5/2023,11/05/2023,25,25
D3P0153,010,4330,103972,"EF DESARROLLO E INVESTIGACIONES,  SA DE CV        ",2023-04-27,1,5/5/2023,29/05/2023,75,75
D3P0153,010,4356,103135,"EF DESARROLLO E INVESTIGACIONES,  SA DE CV        ",2023-04-27,4,5/5/2023,04/05/2023,206,206
D3P0153,010,5084,,"EF DESARROLLO E INVESTIGACIONES,  SA DE CV        ",2023-04-27,430,5/5/2023,,601,0
D3P0153,010,5306,103136,"EF DESARROLLO E INVESTIGACIONES,  SA DE CV        ",2023-04-27,276,5/5/2023,04/05/2023,165,165
D3P0153,010,5489,103136,"EF DESARROLLO E INVESTIGACIONES,  SA DE CV        ",2023-04-27,175,5/5/2023,04/05/2023,33,33
D3P0154,010,1210,103201,"EF DESARROLLO E INVESTIGACIONES,  SA DE CV        ",2023-04-27,1,5/5/2023,05/05/2023,39,39
D3P0154,010,5489,103134,"EF DESARROLLO E INVESTIGACIONES,  SA DE CV        ",2023-04-27,175,5/5/2023,04/05/2023,33,33
D3P0155,010,1210,103203,"EF DESARROLLO E INVESTIGACIONES,  SA DE CV        ",2023-04-27,4,5/5/2023,05/05/2023,98,98
D3P0155,010,5489,103383,"EF DESARROLLO E INVESTIGACIONES,  SA DE CV        ",2023-04-27,1,5/5/2023,11/05/2023,266,266
D3P0156,010,2012,,"GAMBARS DISTRIBUIDORA S.A. DE C.V.                ",2023-04-27,11,5/5/2023,,7,0
D3P0156,010,3623,103081,"GAMBARS DISTRIBUIDORA S.A. DE C.V.                ",2023-04-27,1,5/5/2023,04/05/2023,9,9
D3P0156,010,5359,103082,"GAMBARS DISTRIBUIDORA S.A. DE C.V.                ",2023-04-27,378,5/5/2023,04/05/2023,41,41
D3P0157,010,2012,,"GAMBARS DISTRIBUIDORA S.A. DE C.V.                ",2023-04-27,11,5/5/2023,,7,0
D3P0158,010,1711,103611,"ROSAN MEDICAL SA DE CV                            ",2023-04-27,2,5/5/2023,18/05/2023,38,38
D3P0159,010,5721,103054,"ALFEJ MEDICAL ITEMS S DE R.L. DE C.V.             ",2023-04-27,1,5/5/2023,03/05/2023,68,68
D3P0160,010,5721,"103056,103055","ALFEJ MEDICAL ITEMS S DE R.L. DE C.V.             ",2023-04-27,1,5/5/2023,03/05/2023,68,68
D3P0161,010,6007,"103016,102951","DISTRIBUIDORA CALVER, S.A. DE C.V.                ",2023-04-27,2,5/5/2023,03/05/2023,3,3
D3P0169,010,6007,103018,"DISTRIBUIDORA CALVER, S.A. DE C.V.                ",2023-05-03,60,12/5/2023,03/05/2023,78,78
D3P0170,010,1242,103251,"INSUMOS Y SOLUCIONES MEDICAS, SA DE CV            ",2023-05-04,4,9/5/2023,08/05/2023,52,52
D3P0170,010,3417,103251,"INSUMOS Y SOLUCIONES MEDICAS, SA DE CV            ",2023-05-04,10,9/5/2023,08/05/2023,153,153
D3P0171,010,5240,103553,"ROANA FARMA, S.A. DE C.V.                         ",2023-05-09,65,19/5/2023,17/05/2023,1,1
D3P0172,010,1931,103732,"CANAPHARMA, S.A. DE C.V.                          ",2023-05-16,172,26/5/2023,23/05/2023,4,4
D3P0172,010,5256,103733,"CANAPHARMA, S.A. DE C.V.                          ",2023-05-16,71,26/5/2023,23/05/2023,8,8
D3P0172,010,5318,103733,"CANAPHARMA, S.A. DE C.V.                          ",2023-05-16,16,26/5/2023,23/05/2023,33,33
D3P0173,010,1931,103731,"CANAPHARMA, S.A. DE C.V.                          ",2023-05-16,394,26/5/2023,23/05/2023,9,9
D3P0174,010,4359,103797,"GADMAR, S.A. DE C.V.                              ",2023-05-16,8,26/5/2023,24/05/2023,200,200
D3P0174,010,5721,103798,"GADMAR, S.A. DE C.V.                              ",2023-05-16,798,26/5/2023,24/05/2023,50,50
D3P0175,010,5721,103799,"GADMAR, S.A. DE C.V.                              ",2023-05-16,798,26/5/2023,24/05/2023,50,50
D3P0176,010,2012,103662,"GAMBARS DISTRIBUIDORA S.A. DE C.V.                ",2023-05-16,7,26/5/2023,22/05/2023,4,4
D3P0177,010,2012,103661,"GAMBARS DISTRIBUIDORA S.A. DE C.V.                ",2023-05-16,11,26/5/2023,22/05/2023,7,7
D3P0178,010,5333,103897,"ALUR TEK, S. DE R.L. DE C.V.                      ",2023-05-17,213,26/5/2023,25/05/2023,210,210
D3P0179,010,5333,104033,"ALUR TEK, S. DE R.L. DE C.V.                      ",2023-05-17,249,26/5/2023,30/05/2023,246,246
D3P0180,010,5333,103931,"ALUR TEK, S. DE R.L. DE C.V.                      ",2023-05-17,1,26/5/2023,26/05/2023,1,1
D3P0181,010,5333,104023,"ALUR TEK, S. DE R.L. DE C.V.                      ",2023-05-17,6,26/5/2023,30/05/2023,6,6
D3P0182,010,5333,103647,"ALUR TEK, S. DE R.L. DE C.V.                      ",2023-05-17,9,26/5/2023,22/05/2023,9,9
D3P0183,010,5333,104024,"ALUR TEK, S. DE R.L. DE C.V.                      ",2023-05-17,12,26/5/2023,30/05/2023,12,12
D3P0184,010,5333,103648,"ALUR TEK, S. DE R.L. DE C.V.                      ",2023-05-17,1,26/5/2023,22/05/2023,1,1
D3P0185,010,5333,104025,"ALUR TEK, S. DE R.L. DE C.V.                      ",2023-05-17,1,26/5/2023,30/05/2023,1,1
D3P0186,010,5333,103807,"ALUR TEK, S. DE R.L. DE C.V.                      ",2023-05-17,109,26/5/2023,24/05/2023,107,107
D3P0187,010,5333,104026,"ALUR TEK, S. DE R.L. DE C.V.                      ",2023-05-17,372,26/5/2023,30/05/2023,368,368
D3P0188,010,5333,104022,"ALUR TEK, S. DE R.L. DE C.V.                      ",2023-05-17,10,26/5/2023,30/05/2023,10,10
D3P0189,010,5333,104027,"ALUR TEK, S. DE R.L. DE C.V.                      ",2023-05-17,169,26/5/2023,30/05/2023,167,167
D3P0190,010,5333,104028,"ALUR TEK, S. DE R.L. DE C.V.                      ",2023-05-17,1,26/5/2023,30/05/2023,1,1
D3P0191,010,5333,103809,"ALUR TEK, S. DE R.L. DE C.V.                      ",2023-05-17,1,26/5/2023,24/05/2023,1,1
D3P0192,010,5333,103609,"ALUR TEK, S. DE R.L. DE C.V.                      ",2023-05-17,2,26/5/2023,18/05/2023,1,1
D3P0193,010,5333,104029,"ALUR TEK, S. DE R.L. DE C.V.                      ",2023-05-17,622,26/5/2023,30/05/2023,615,615
D3P0194,010,6007,103970,"COMERCIALIZADORA LEALCA, S.A. DE C.V.             ",2023-05-19,2,29/5/2023,29/05/2023,3,3
D3P0195,010,6007,103969,"COMERCIALIZADORA LEALCA, S.A. DE C.V.             ",2023-05-19,2,29/5/2023,29/05/2023,3,3
D3P0196,010,6007,103968,"COMERCIALIZADORA LEALCA, S.A. DE C.V.             ",2023-05-19,3,29/5/2023,29/05/2023,4,4
D3P0197,010,5434,103800,"GADMAR, S.A. DE C.V.                              ",2023-05-19,33,29/5/2023,24/05/2023,209,209
D3P0198,010,5332,103933,"INSUMOS Y SOLUCIONES MEDICAS, SA DE CV            ",2023-05-19,1,29/5/2023,26/05/2023,1,1
D3P0199,010,5332,103934,"INSUMOS Y SOLUCIONES MEDICAS, SA DE CV            ",2023-05-19,1,29/5/2023,26/05/2023,1,1
D3P0200,010,5332,103935,"INSUMOS Y SOLUCIONES MEDICAS, SA DE CV            ",2023-05-19,726,29/5/2023,26/05/2023,871,871
D3P0201,010,4251,103971,"ALFEJ MEDICAL ITEMS S DE R.L. DE C.V.             ",2023-05-19,3,29/5/2023,29/05/2023,165,165
D3P0201,010,6336,103966,"ALFEJ MEDICAL ITEMS S DE R.L. DE C.V.             ",2023-05-19,190,29/5/2023,29/05/2023,94,94
D3P0202,010,3674,103948,"COMERCIALIZADORA LEALCA, S.A. DE C.V.             ",2023-05-19,1,29/5/2023,29/05/2023,329,329
D3P0203,010,3614,103956,"GADMAR, S.A. DE C.V.                              ",2023-05-19,2,29/5/2023,29/05/2023,75,75
D3P0203,010,3615,103956,"GADMAR, S.A. DE C.V.                              ",2023-05-19,11,29/5/2023,29/05/2023,377,377
D3P0203,010,3622,103956,"GADMAR, S.A. DE C.V.                              ",2023-05-19,3,29/5/2023,29/05/2023,18,18
D3P0203,010,5291,103957,"GADMAR, S.A. DE C.V.                              ",2023-05-19,2,29/5/2023,29/05/2023,234,234
D3P0203,010,5389,103957,"GADMAR, S.A. DE C.V.                              ",2023-05-19,160,29/5/2023,29/05/2023,316,316
D3P0203,010,5452,104113,"GADMAR, S.A. DE C.V.                              ",2023-05-19,10,29/5/2023,01/06/2023,110,110
D3P0205,010,2503,103936,"H2O BEBORN SA DE CV                               ",2023-05-19,1,29/5/2023,26/05/2023,329,329
D3P0205,010,3406,103936,"H2O BEBORN SA DE CV                               ",2023-05-19,9,29/5/2023,26/05/2023,1,1
D3P0206,010,2123,103937,"MDC  BIOMEDICAL, SAS DE CV                        ",2023-05-19,87,29/5/2023,26/05/2023,12,12
D3P0206,010,2471,103937,"MDC  BIOMEDICAL, SAS DE CV                        ",2023-05-19,10,29/5/2023,26/05/2023,167,167
D3P0206,010,2616,"104112,103937","MDC  BIOMEDICAL, SAS DE CV                        ",2023-05-19,54,29/5/2023,01/06/2023,22,22
D3P0206,010,6337,103937,"MDC  BIOMEDICAL, SAS DE CV                        ",2023-05-19,72,29/5/2023,26/05/2023,14,14
D3P0207,010,1097,103932,"WAYNE MEDICAL S.A.S. DE C.V.                      ",2023-05-19,105,29/5/2023,26/05/2023,47,47
D3P0207,010,2242,103932,"WAYNE MEDICAL S.A.S. DE C.V.                      ",2023-05-19,245,29/5/2023,26/05/2023,931,931
D3P0207,010,2707,103932,"WAYNE MEDICAL S.A.S. DE C.V.                      ",2023-05-19,3,29/5/2023,26/05/2023,52,52
D3P0207,010,3307,103932,"WAYNE MEDICAL S.A.S. DE C.V.                      ",2023-05-19,156,29/5/2023,26/05/2023,19,10
D3P0208,010,5703,,"AXTRO MEDIC S.A. DE C.V.                          ",2023-05-22,7,1/6/2023,,15,0
D3P0209,010,5703,"103975,103974,103973","COMERCIALIZADORA LEALCA, S.A. DE C.V.             ",2023-05-22,5,1/6/2023,29/05/2023,13,13
D3P0215,010,6007,104146,"ORVI DISTRIBUCIONES, S.A. DE C.V.                 ",2023-05-23,4,2/6/2023,02/06/2023,6,6
D3P0216,010,5800,104147,"COMERCIALIZADORA TONROM, SA DE CV                 ",2023-05-24,15,2/6/2023,02/06/2023,37,37
D3P0219,010,1924,,"DAVERK GREEN, S.A.S. DE C.V.                      ",2023-05-25,4,2/6/2023,,158,0
D3P0219,010,1938,,"DAVERK GREEN, S.A.S. DE C.V.                      ",2023-05-25,4,2/6/2023,,130,0
D3P0219,010,1971,,"DAVERK GREEN, S.A.S. DE C.V.                      ",2023-05-25,3,2/6/2023,,332,0
D3P0219,010,3606,,"DAVERK GREEN, S.A.S. DE C.V.                      ",2023-05-25,559,2/6/2023,,32,0
D3P0219,010,5256,,"DAVERK GREEN, S.A.S. DE C.V.                      ",2023-05-25,730,2/6/2023,,75,0
D3P0220,010,6007,104163,"COMERCIALIZADORA DOLOAYA, S.A. DE C.V.            ",2023-05-26,233,5/6/2023,05/06/2023,454,454
D3P0221,010,6007,104162,"DISTRIBUIDORA DEMA, S.A. DE C.V.                  ",2023-05-26,200,5/6/2023,05/06/2023,390,390
D3P0222,010,6007,,"AXTRO MEDIC S.A. DE C.V.                          ",2023-05-29,6,8/6/2023,,12,0
D3P0223,010,6007,104135,"COMERCIALIZADORA TONROM, SA DE CV                 ",2023-05-29,1,8/6/2023,02/06/2023,3,3
D3P0224,010,6007,104076,"DISTRIBUIDORA CALVER, S.A. DE C.V.                ",2023-05-29,1,8/6/2023,01/06/2023,1,1
D3P0225,010,6007,104161,"DISTRIBUIDORA DEMA, S.A. DE C.V.                  ",2023-05-29,1,8/6/2023,05/06/2023,1,1
D3P0226,010,2714,,"ROSAN MEDICAL SA DE CV                            ",2023-05-29,8,8/6/2023,,177,0
D3P0229,010,6305,,"FARMACEUTICOS MAYPO, S. A. DE C. V.               ",2023-06-02,9,12/6/2023,,812,0
D3P0229,010,6323,,"FARMACEUTICOS MAYPO, S. A. DE C. V.               ",2023-06-02,3,12/6/2023,,34,0
D3P0230,010,0105,,"SECURE INC, S.A. DE C.V.                          ",2023-06-02,1,12/6/2023,,35,0
D3P0230,010,1209,,"SECURE INC, S.A. DE C.V.                          ",2023-06-02,6,12/6/2023,,294.6,0
D3P0230,010,1700,,"SECURE INC, S.A. DE C.V.                          ",2023-06-02,5,12/6/2023,,186,0
D3P0230,010,4592,,"SECURE INC, S.A. DE C.V.                          ",2023-06-02,1,12/6/2023,,83,0
D3P0230,010,5385,,"SECURE INC, S.A. DE C.V.                          ",2023-06-02,204,12/6/2023,,48,0
D3P0233,010,5481,,"H2O BEBORN SA DE CV                               ",2023-06-02,1,12/6/2023,,19,0
D3P0234,010,1973,,"INSUMOS Y SOLUCIONES MEDICAS, SA DE CV            ",2023-06-02,4,12/6/2023,,83,0
D3P0234,010,2012,,"INSUMOS Y SOLUCIONES MEDICAS, SA DE CV            ",2023-06-02,18,12/6/2023,,11,0
D3P0234,010,4300,,"INSUMOS Y SOLUCIONES MEDICAS, SA DE CV            ",2023-06-02,54,12/6/2023,,3,0
D3P0234,010,4333,,"INSUMOS Y SOLUCIONES MEDICAS, SA DE CV            ",2023-06-02,280,12/6/2023,,41,0
D3P0234,010,5167,,"INSUMOS Y SOLUCIONES MEDICAS, SA DE CV            ",2023-06-02,2,12/6/2023,,2,0
D3P0234,010,5665,,"INSUMOS Y SOLUCIONES MEDICAS, SA DE CV            ",2023-06-02,4,12/6/2023,,1,0
D3P0235,010,0439,,"MDC  BIOMEDICAL, SAS DE CV                        ",2023-06-02,461,12/6/2023,,17,0
D3P0235,010,1094,,"MDC  BIOMEDICAL, SAS DE CV                        ",2023-06-02,113,12/6/2023,,15,0
D3P0235,010,2145,,"MDC  BIOMEDICAL, SAS DE CV                        ",2023-06-02,1,12/6/2023,,42,0
D3P0235,010,4112,,"MDC  BIOMEDICAL, SAS DE CV                        ",2023-06-02,35,12/6/2023,,58,0
D3P0235,010,4191,,"MDC  BIOMEDICAL, SAS DE CV                        ",2023-06-02,99,12/6/2023,,42,0
D3P0235,010,4307,,"MDC  BIOMEDICAL, SAS DE CV                        ",2023-06-02,43,12/6/2023,,29,0
D3P0235,010,4308,,"MDC  BIOMEDICAL, SAS DE CV                        ",2023-06-02,503,12/6/2023,,13,0
D3P0236,010,1931,,"ROSAN MEDICAL SA DE CV                            ",2023-06-02,305,12/6/2023,,10,0
D3P0236,010,5288,,"ROSAN MEDICAL SA DE CV                            ",2023-06-02,5,12/6/2023,,37,0
D3P0236,010,5721,,"ROSAN MEDICAL SA DE CV                            ",2023-06-02,819,12/6/2023,,78,0
D3P0237,010,1931,,"ROSAN MEDICAL SA DE CV                            ",2023-06-02,221,12/6/2023,,7,0
D3P0238,010,2154,,"COMERCIALIZADORA TONROM, SA DE CV                 ",2023-06-05,1,15/6/2023,,757,0
D3P0239,010,0502,,"INSUMOS Y SOLUCIONES MEDICAS, SA DE CV            ",2023-06-05,1,15/6/2023,,53,0
D3P0239,010,0574,,"INSUMOS Y SOLUCIONES MEDICAS, SA DE CV            ",2023-06-05,7,15/6/2023,,83,0
D3P0239,010,1973,,"INSUMOS Y SOLUCIONES MEDICAS, SA DE CV            ",2023-06-05,8,15/6/2023,,156,0
D3P0239,010,2247,,"INSUMOS Y SOLUCIONES MEDICAS, SA DE CV            ",2023-06-05,1,15/6/2023,,26,0
D3P0239,010,5392,,"INSUMOS Y SOLUCIONES MEDICAS, SA DE CV            ",2023-06-05,7,15/6/2023,,202,0
D3P0239,010,5487,,"INSUMOS Y SOLUCIONES MEDICAS, SA DE CV            ",2023-06-05,1,15/6/2023,,56,0
D3P0240,010,1927,,"MDC  BIOMEDICAL, SAS DE CV                        ",2023-06-05,2,15/6/2023,,103,0
D3P0240,010,2145,,"MDC  BIOMEDICAL, SAS DE CV                        ",2023-06-05,978,15/6/2023,,22,0
D3P0240,010,2308,,"MDC  BIOMEDICAL, SAS DE CV                        ",2023-06-05,3,15/6/2023,,58,0
D3P0240,010,2331,,"MDC  BIOMEDICAL, SAS DE CV                        ",2023-06-05,1,15/6/2023,,62,0
D3P0240,010,2462,,"MDC  BIOMEDICAL, SAS DE CV                        ",2023-06-05,4,15/6/2023,,47,0
D3P0240,010,4307,,"MDC  BIOMEDICAL, SAS DE CV                        ",2023-06-05,67,15/6/2023,,45,0
D3P0240,010,5721,,"MDC  BIOMEDICAL, SAS DE CV                        ",2023-06-05,3,15/6/2023,,323,0
D3P0241,010,2145,,"MDC  BIOMEDICAL, SAS DE CV                        ",2023-06-05,3,15/6/2023,,88,0
D3P0242,010,1311,,"ORVI DISTRIBUCIONES, S.A. DE C.V.                 ",2023-06-05,5,15/6/2023,,175,0
D3P0242,010,1929,,"ORVI DISTRIBUCIONES, S.A. DE C.V.                 ",2023-06-05,5,15/6/2023,,315,0
D3P0242,010,4025,,"ORVI DISTRIBUCIONES, S.A. DE C.V.                 ",2023-06-05,1,15/6/2023,,210,0
D3P0242,010,4152,,"ORVI DISTRIBUCIONES, S.A. DE C.V.                 ",2023-06-05,7,15/6/2023,,11,0
D3P0242,010,5165,,"ORVI DISTRIBUCIONES, S.A. DE C.V.                 ",2023-06-05,33,15/6/2023,,862,0
D3P0244,010,0103,,"PROMOTORA MEDICA SELEC, S.A DE C.V.               ",2023-06-05,15,15/6/2023,,601,0
D3P0244,010,0439,,"PROMOTORA MEDICA SELEC, S.A DE C.V.               ",2023-06-05,218,15/6/2023,,8,0
D3P0244,010,0622,,"PROMOTORA MEDICA SELEC, S.A DE C.V.               ",2023-06-05,179,15/6/2023,,1,0
D3P0244,010,2128,,"PROMOTORA MEDICA SELEC, S.A DE C.V.               ",2023-06-05,13,15/6/2023,,853,0
D3P0244,010,2135,,"PROMOTORA MEDICA SELEC, S.A DE C.V.               ",2023-06-05,784,15/6/2023,,39,0
D3P0245,010,1711,,"ROSAN MEDICAL SA DE CV                            ",2023-06-05,532,15/6/2023,,11,0
D3P0245,010,1937,,"ROSAN MEDICAL SA DE CV                            ",2023-06-05,12,15/6/2023,,738,0
D3P0245,010,3623,,"ROSAN MEDICAL SA DE CV                            ",2023-06-05,16,15/6/2023,,103,0
D3P0245,010,4028,,"ROSAN MEDICAL SA DE CV                            ",2023-06-05,754,15/6/2023,,130,0
D3P0245,010,4117,,"ROSAN MEDICAL SA DE CV                            ",2023-06-05,2,15/6/2023,,743,0
D3P0245,010,5244,,"ROSAN MEDICAL SA DE CV                            ",2023-06-05,119,15/6/2023,,2,0
D3P0245,010,5292,,"ROSAN MEDICAL SA DE CV                            ",2023-06-05,4,15/6/2023,,610,0
D3P0245,010,5506,,"ROSAN MEDICAL SA DE CV                            ",2023-06-05,1,15/6/2023,,177,0
D3P0246,010,2508,,"WAYNE MEDICAL S.A.S. DE C.V.                      ",2023-06-05,1,15/6/2023,,194,0
D3P0246,010,3609,,"WAYNE MEDICAL S.A.S. DE C.V.                      ",2023-06-05,17,15/6/2023,,774,0
D3P0246,010,3675,,"WAYNE MEDICAL S.A.S. DE C.V.                      ",2023-06-05,5,15/6/2023,,174,0
D3P0246,010,5505,,"WAYNE MEDICAL S.A.S. DE C.V.                      ",2023-06-05,1,15/6/2023,,112,0
